Date,Open,High,Low,Close,Volume
2015-06-04,,,,1036.25,2480.0
2015-06-05,,,,1039.5,8350.0
2015-06-08,,,,1028.75,470.0
2015-06-09,,,,1026.75,1280.0
2015-06-10,,,,1016.5,410.0
2015-06-11,,,,1011.5,1200.0
2015-06-12,,,,1003.0,250.0
2015-06-15,,,,1024.0,100.0
2015-06-16,,,,1005.25,830.0
2015-06-17,,,999.0,1007.5,9880.0
2015-06-18,,,,1013.75,1320.0
2015-06-19,,,994.52,993.75,400.0
2015-06-22,994.47,,994.47,1006.5,3190.0
2015-06-23,995.34,995.34,995.34,988.25,1000.0
2015-06-24,987.44,995.0,987.44,995.12,890.0
2015-06-25,988.73,994.17,988.73,994.0,1060.0
2015-06-26,974.08,991.44,974.08,987.5,780.0
2015-06-29,996.88,996.88,984.0,978.5,4540.0
2015-06-30,976.04,976.07,975.82,979.0,310.0
2015-07-01,979.72,979.72,978.47,984.5,90.0
2015-07-02,984.6,984.6,984.6,985.0,90.0
2015-07-03,987.44,989.19,987.44,991.5,560.0
2015-07-06,985.06,985.06,985.06,989.75,100.0
2015-07-07,988.8,993.62,943.29,947.5,4590.0
2015-07-08,944.46,971.94,944.46,971.5,7990.0
2015-07-09,989.44,989.44,989.44,988.25,50.0
2015-07-10,984.71,984.71,977.25,985.0,3350.0
2015-07-13,981.64,985.44,973.0,981.0,3990.0
2015-07-14,975.12,975.12,969.1,968.25,4610.0
2015-07-15,964.0,966.1,953.0,948.25,3720.0
2015-07-16,947.6,947.6,944.4,946.75,950.0
2015-07-17,942.6,942.6,941.45,937.25,3300.0
2015-07-20,931.98,935.5,931.98,942.25,2610.0
2015-07-21,932.9,937.82,932.9,938.88,1490.0
2015-07-22,926.4,928.0,926.4,933.25,1890.0
2015-07-24,928.1,928.1,927.6,921.5,230.0
2015-07-27,931.52,933.1,925.9,928.25,5190.0
2015-07-28,924.6,924.6,924.6,925.5,20.0
2015-07-29,925.48,927.51,921.52,927.75,1590.0
2015-07-30,923.52,923.52,923.52,933.0,230.0
2015-07-31,922.6,933.5,922.6,935.75,2110.0
2015-08-03,926.52,926.52,926.52,922.25,100.0
2015-08-04,918.02,919.56,918.02,920.0,630.0
2015-08-06,918.32,925.0,915.74,929.5,3890.0
2015-08-07,947.82,947.82,947.82,951.75,20.0
2015-08-10,948.48,948.48,948.48,965.75,20.0
2015-08-11,968.79,968.79,963.56,965.5,2360.0
2015-08-12,968.44,980.44,968.44,977.25,1340.0
2015-08-13,971.02,976.92,967.25,976.0,1970.0
2015-08-14,973.18,973.18,966.24,960.25,1530.0
2015-08-17,958.32,958.32,958.32,966.88,30.0
2015-08-18,932.0,932.0,929.2,928.75,1220.0
2015-08-19,934.55,958.18,934.55,958.0,370.0
2015-08-20,965.14,970.68,965.14,972.75,1520.0
2015-08-21,962.18,970.11,953.89,960.5,4120.0
2015-08-24,949.94,951.1,915.72,935.12,20860.0
2015-08-25,916.22,925.19,916.22,919.38,1900.0
2015-08-26,908.64,910.91,882.99,894.12,22400.0
2015-08-27,905.35,916.26,902.14,931.0,3290.0
2015-08-28,923.84,923.84,923.84,928.25,110.0
2015-09-01,932.22,940.25,932.22,936.0,10210.0
2015-09-02,936.9,942.3,933.68,934.75,800.0
2015-09-03,949.32,960.72,949.32,945.75,1210.0
2015-09-04,961.0,961.0,938.59,944.25,1230.0
2015-09-07,934.32,934.32,931.98,933.5,1130.0
2015-09-08,940.79,940.79,939.68,950.0,1100.0
2015-09-09,943.21,945.25,941.43,935.25,5750.0
2015-09-10,937.86,940.7,937.86,933.38,1080.0
2015-09-11,919.06,919.06,919.06,916.62,1000.0
2015-09-14,920.4,920.5,918.13,918.38,1380.0
2015-09-15,913.14,918.0,913.14,918.88,3290.0
2015-09-16,927.27,942.54,927.27,944.88,1960.0
2015-09-17,947.75,947.75,947.75,951.88,420.0
2015-09-18,955.75,969.0,955.75,957.25,10440.0
2015-09-21,961.15,963.14,957.45,965.12,540.0
2015-09-22,962.84,962.84,952.93,945.5,50.0
2015-09-23,950.08,950.08,950.08,957.88,90.0
2015-09-24,954.0,967.56,954.0,974.62,400.0
2015-09-25,975.52,977.93,972.0,979.25,780.0
2015-09-28,967.4,967.4,958.85,939.38,380.0
2015-09-29,941.1,954.5,939.89,951.88,9360.0
2015-09-30,946.56,946.56,946.56,942.88,160.0
2015-10-01,948.1,948.1,948.1,947.25,100.0
2015-10-02,938.64,974.78,937.0,982.12,4340.0
2015-10-05,984.38,,984.38,1013.75,20840.0
2015-10-06,,,,1038.5,13640.0
2015-10-07,,,,1024.25,2150.0
2015-10-08,999.52,,999.52,1007.0,3260.0
2015-10-09,,,,1019.75,1880.0
2015-10-12,,,,1016.25,20.0
2015-10-13,,,,1027.5,310.0
2015-10-14,,,,1024.5,2460.0
2015-10-15,,,,1024.25,3030.0
2015-10-16,,,,1022.5,3050.0
2015-10-21,,,998.86,996.88,1020.0
2015-10-22,,,,1010.0,270.0
2015-10-23,,,,1015.5,510.0
2015-10-26,,,,1019.0,110.0
2015-10-27,,,,1019.5,7950.0
2015-10-28,,,,1048.5,20.0
2015-10-29,,,,1001.25,1100.0
2015-10-30,998.36,998.36,993.06,987.75,740.0
2015-11-02,978.56,978.56,974.44,975.5,1250.0
2015-11-03,978.07,978.07,976.44,977.75,180.0
2015-11-05,958.75,961.1,958.75,966.25,390.0
2015-11-06,970.27,970.27,963.02,960.5,910.0
2015-11-09,961.14,961.86,951.5,944.75,4990.0
2015-11-10,943.94,943.94,940.48,935.5,1120.0
2015-11-11,934.47,935.36,928.36,925.25,3570.0
2015-11-12,930.0,934.05,925.36,919.5,5050.0
2015-11-13,916.88,916.88,916.88,919.5,310.0
2015-11-16,930.57,930.57,917.5,920.25,380.0
2015-11-17,925.44,925.44,922.94,915.75,210.0
2015-11-18,916.0,916.0,915.0,910.5,630.0
2015-11-19,911.52,921.0,911.52,919.25,660.0
2015-11-20,915.43,921.98,915.43,914.75,1810.0
2015-11-23,908.0,908.0,906.51,914.25,640.0
2015-11-24,931.47,931.47,931.47,928.25,110.0
2015-11-26,935.0,935.0,926.1,927.25,4410.0
2015-11-27,918.89,920.96,911.6,918.0,780.0
2015-11-30,919.88,929.0,919.88,920.75,2030.0
2015-12-02,919.13,919.13,919.13,923.25,20.0
2015-12-04,945.04,945.04,945.04,945.5,20.0
2015-12-07,946.3,946.9,946.3,936.75,2210.0
2015-12-10,919.1,919.1,914.0,915.75,240.0
2015-12-11,902.51,902.51,902.51,899.25,60.0
2015-12-14,896.48,897.68,892.06,891.75,3360.0
2015-12-15,888.5,892.3,888.0,894.0,5470.0
2015-12-16,904.0,904.0,904.0,928.75,20.0
2015-12-17,924.99,925.96,924.99,905.25,260.0
2015-12-21,937.58,938.77,937.58,942.5,1970.0
2015-12-22,943.03,945.76,943.03,945.0,1120.0
2015-12-24,941.58,947.5,941.58,941.25,4280.0
2015-12-29,924.0,924.0,924.0,927.5,260.0
2016-01-04,931.0,945.0,929.39,928.62,7800.0
2016-01-05,938.22,938.22,938.22,937.62,100.0
2016-01-06,932.0,945.0,932.0,938.12,5260.0
2016-01-07,941.75,949.0,941.75,955.12,460.0
2016-01-11,942.11,943.75,942.11,943.62,2580.0
2016-01-12,938.79,942.5,938.79,939.12,900.0
2016-01-13,938.06,963.77,938.06,959.62,690.0
2016-01-14,963.27,963.27,956.0,941.25,90.0
2016-01-15,944.32,962.13,944.32,957.25,1170.0
2016-01-18,956.0,956.0,952.52,957.62,3720.0
2016-01-19,974.5,974.65,974.5,974.12,600.0
2016-01-20,978.0,979.74,974.5,978.12,3110.0
2016-01-21,979.25,979.79,969.75,964.62,1270.0
2016-01-22,971.72,971.72,968.0,974.75,4600.0
2016-01-25,970.65,972.0,970.65,978.75,150.0
2016-01-26,995.5,995.5,988.38,990.75,690.0
2016-01-27,987.3,992.95,987.3,995.0,1260.0
2016-01-28,991.53,991.53,971.0,969.75,3650.0
2016-02-02,971.94,972.63,971.56,976.25,3360.0
2016-02-03,975.5,975.5,970.43,988.75,640.0
2016-02-04,987.5,,986.0,998.5,5120.0
2016-02-05,,,,1001.25,4700.0
2016-02-08,,,,1042.75,3840.0
2016-02-09,,,,1042.25,2930.0
2016-02-10,,,,1030.75,1050.0
2016-02-11,,,,1071.5,28990.0
2016-02-12,,,,1062.5,1810.0
2016-02-15,,,,1037.75,1780.0
2016-02-16,,,,1052.0,420.0
2016-02-17,,,,1051.5,3330.0
2016-02-18,,,,1050.25,1130.0
2016-02-19,,,,1052.75,2380.0
2016-02-22,,,,1053.5,12230.0
2016-02-23,,,,1063.5,2040.0
2016-02-24,,,,1080.75,30290.0
2016-02-25,,,,1065.75,3400.0
2016-02-26,,,,1042.0,1020.0
2016-02-29,,,,1043.25,1140.0
2016-03-01,,,,1040.5,360.0
2016-03-02,,,,1042.75,9600.0
2016-03-04,,,,1087.0,2730.0
2016-03-07,,,,1077.5,11900.0
2016-03-08,,,,1066.5,2220.0
2016-03-09,,,,1061.5,3290.0
2016-03-10,,,,1062.0,6010.0
2016-03-11,,,,1062.75,3860.0
2016-03-14,,,,1058.5,10620.0
2016-03-15,,,,1057.25,1970.0
2016-03-16,,,,1059.25,5510.0
2016-03-17,,,,1081.25,3810.0
2016-03-18,,,,1069.0,1650.0
2016-03-21,,,,1080.75,20.0
2016-03-22,,,,1091.5,10010.0
2016-03-23,,,,1061.0,3430.0
2016-03-24,,,,1053.5,1760.0
2016-03-29,,,,1039.75,27730.0
2016-03-30,,,,1037.0,3440.0
2016-03-31,,,,1050.75,0.0
2016-04-01,,,,1023.25,1980.0
2016-04-04,,,,1029.25,7130.0
2016-04-05,,,,1049.0,460.0
2016-04-06,,,,1045.25,1030.0
2016-04-07,,,,1064.5,3830.0
2016-04-08,,,,1064.75,700.0
2016-04-11,,,,1089.75,4040.0
2016-04-12,,,,1110.75,46180.0
2016-04-13,,,,1118.25,5940.0
2016-04-14,,,,1121.75,2400.0
2016-04-15,,,,1119.75,5890.0
2016-04-18,,,,1116.75,90180.0
2016-04-19,,,,1155.25,6460.0
2016-04-20,,,,1164.75,8250.0
2016-04-21,,,,1170.25,14340.0
2016-04-22,,,,1168.5,1230.0
2016-04-25,,,,1152.25,10520.0
2016-04-26,,,,1146.25,1290.0
2016-04-27,,,,1158.75,1190.0
2016-04-28,,,,1179.25,6370.0
2016-04-29,,,,1198.25,12530.0
2016-05-03,,,,1171.75,9760.0
2016-05-04,,,,1175.0,180.0
2016-05-05,,,,1174.0,1520.0
2016-05-06,,,,1189.75,3680.0
2016-05-09,,,,1154.5,390.0
2016-05-10,,,,1155.0,2020.0
2016-05-11,,,,1176.25,5600.0
2016-05-12,,,,1155.75,1810.0
2016-05-13,,,,1166.75,3690.0
2016-05-16,,,,1169.25,4870.0
2016-05-17,,,,1171.75,4220.0
2016-05-18,,,,1144.75,11190.0
2016-05-19,,,,1102.25,10180.0
2016-05-20,,,,1111.25,300.0
2016-05-23,,,,1112.5,15620.0
2016-05-24,,,,1093.0,4240.0
2016-05-25,,,,1087.25,31940.0
2016-05-26,,,,1091.25,2630.0
2016-05-27,,,,1087.5,72030.0
2016-05-31,,,,1076.25,5760.0
2016-06-01,,,,1087.75,180.0
2016-06-02,,,,1085.75,1810000.0
2016-06-03,,,,1103.25,60900.0
2016-06-06,,,,1114.75,1200.0
2016-06-07,,,,1100.75,1160.0
2016-06-08,,,,1148.75,2630.0
2016-06-09,,,,1166.75,2150.0
2016-06-10,,,,1176.75,19850.0
2016-06-13,,,,1197.75,15620.0
2016-06-14,,,,1203.75,19880.0
2016-06-15,,,,1207.0,9110.0
2016-06-16,,,,1232.25,11050.0
2016-06-17,,,,1188.25,6310.0
2016-06-20,,,,1169.25,81590.0
2016-06-21,,,,1155.75,12370.0
2016-06-22,,,,1155.5,5150.0
2016-06-23,,,,1147.75,2830.0
2016-06-24,,,,1275.75,52850.0
2016-06-27,,,,1314.75,34720.0
2016-06-28,,,,1309.25,41980.0
2016-06-29,,,,1330.25,16860.0
2016-06-30,,,,1363.25,110180.0
2016-07-01,,,,1437.5,31420.0
2016-07-04,,,,1500.5,233280.0
2016-07-05,,,,1484.0,46520.0
2016-07-06,,,,1523.25,31060.0
2016-07-07,,,,1484.25,72940.0
2016-07-08,,,,1500.5,29850.0
2016-07-11,,,,1536.0,27800.0
2016-07-12,,,,1502.25,57700.0
2016-07-13,,,,1505.5,15420.0
2016-07-14,,,,1487.25,124250.0
2016-07-15,,,,1488.75,5030.0
2016-07-18,,,,1471.0,72230.0
2016-07-19,,,,1484.25,24720.0
2016-07-20,,,,1450.75,40550.0
2016-07-21,,,,1446.25,53660.0
2016-07-22,,,,1471.5,38790.0
2016-07-25,,,,1462.5,81480.0
2016-07-26,,,,1465.5,41040.0
2016-07-27,,,,1492.5,46960.0
2016-07-28,,,,1506.5,56110.0
2016-07-29,,,,1495.25,68280.0
2016-08-01,,,,1521.75,15050.0
2016-08-02,,,,1516.5,29310.0
2016-08-03,,,,1502.75,9590.0
2016-08-04,,,,1520.75,8920.0
2016-08-05,,,,1478.25,20220.0
2016-08-08,,,,1483.0,15750.0
2016-08-09,,,,1493.75,10320.0
2016-08-10,,,,1521.75,63840.0
2016-08-11,,,,1523.75,11480.0
2016-08-12,,,,1524.75,33880.0
2016-08-15,,,,1509.5,32110.0
2016-08-16,,,,1500.0,5320.0
2016-08-17,,,,1477.0,25030.0
2016-08-18,,,,1469.75,21080.0
2016-08-19,,,,1450.75,56090.0
2016-08-22,,,,1409.25,4990.0
2016-08-23,,,,1404.25,2760.0
2016-08-24,,,,1375.25,20240.0
2016-08-25,,,,1378.5,66100.0
2016-08-26,,,,1400.5,78970.0
2016-08-30,,,,1394.5,20130.0
2016-08-31,,,,1393.25,20290.0
2016-09-01,,,,1386.5,16450.0
2016-09-02,,,,1414.25,136670.0
2016-09-05,,,,1435.0,15090.0
2016-09-06,,,,1442.0,10000.0
2016-09-07,,,,1451.25,14530.0
2016-09-08,,,,1451.5,14110.0
2016-09-09,,,,1433.5,4020.0
2016-09-12,,,,1387.5,15770.0
2016-09-13,,,,1408.75,13140.0
2016-09-14,,,,1411.75,320.0
2016-09-15,,,,1411.25,13690.0
2016-09-16,,,,1405.75,1560.0
2016-09-19,,,,1443.25,15090.0
2016-09-20,,,,1452.0,1750.0
2016-09-21,,,,1491.75,6910.0
2016-09-22,,,,1493.25,13350.0
2016-09-23,,,,1492.75,18630.0
2016-09-26,,,,1479.5,3190.0
2016-09-27,,,,1444.25,7140.0
2016-09-28,,,,1429.75,7640.0
2016-09-29,,,,1440.0,4110.0
2016-09-30,,,,1456.75,18090.0
2016-10-03,,,,1445.25,31410.0
2016-10-04,,,,1391.0,14020.0
2016-10-05,,,,1356.0,119460.0
2016-10-06,,,,1336.0,77670.0
2016-10-07,,,,1362.0,24630.0
2016-10-10,,,,1390.5,11220.0
2016-10-11,,,,1408.0,10040.0
2016-10-12,,,,1398.25,26720.0
2016-10-13,,,,1399.0,5360.0
2016-10-14,,,,1397.25,63760.0
2016-10-17,,,,1399.5,1210.0
2016-10-18,,,,1402.0,14580.0
2016-10-19,,,,1411.0,36150.0
2016-10-20,,,,1399.75,77260.0
2016-10-21,,,,1403.0,290.0
2016-10-24,,,,1408.0,89030.0
2016-10-25,,,,1427.5,98890.0
2016-10-26,,,,1414.25,49040.0
2016-10-27,,,,1415.5,620.0
2016-10-28,,,,1422.75,25030.0
2016-10-31,,,,1428.0,5380.0
2016-11-01,,,,1477.75,15670.0
2016-11-02,,,,1486.75,18590.0
2016-11-03,,,,1435.5,26820.0
2016-11-04,,,,1441.0,4260.0
2016-11-07,,,,1430.25,43590.0
2016-11-08,,,,1456.0,6670.0
2016-11-09,,,,1467.25,177060.0
2016-11-10,,,,1450.25,322380.0
2016-11-11,,,,1362.0,1070000.0
2016-11-14,,,,1317.75,408970.0
2016-11-15,,,,1347.0,62890.0
2016-11-16,,,,1327.75,37150.0
2016-11-17,,,,1332.25,17060.0
2016-11-18,,,,1312.25,237190.0
2016-11-21,,,,1299.0,3360.0
2016-11-22,,,,1306.0,37170.0
2016-11-23,,,,1285.5,7530.0
2016-11-24,,,,1284.0,5600.0
2016-11-25,,,,1294.75,5440.0
2016-11-28,,,,1309.0,62010.0
2016-11-29,,,,1295.0,5590.0
2016-11-30,,,,1291.0,310.0
2016-12-01,,,,1283.25,35270.0
2016-12-02,,,,1289.0,4180.0
2016-12-05,,,,1287.0,26850.0
2016-12-06,,,,1295.75,17360.0
2016-12-07,,,,1328.5,38570.0
2016-12-08,,,,1326.5,32120.0
2016-12-09,,,,1316.5,124670.0
2016-12-12,,,,1319.25,79620.0
2016-12-13,,,,1302.0,3850.0
2016-12-14,,,,1319.75,1030.0
2016-12-15,,,,1258.25,36580.0
2016-12-16,,,,1268.5,191660.0
2016-12-19,,,,1262.75,1190.0
2016-12-20,,,,1244.5,17080.0
2016-12-21,,,,1262.0,740.0
2016-12-22,,,,1264.5,5520.0
2016-12-23,,,,1257.25,850.0
2016-12-28,,,,1281.5,4270.0
2016-12-29,,,,1294.75,1390.0
2016-12-30,,,,1287.5,1390.0
2017-01-03,,,,1312.5,10550.0
2017-01-04,,,,1305.5,24130.0
2017-01-05,,,,1309.5,3880.0
2017-01-06,,,,1302.25,19870.0
2017-01-09,,,,1339.75,9210.0
2017-01-10,,,,1355.25,240.0
2017-01-11,,,,1344.75,300.0
2017-01-12,,,,1348.75,2370.0
2017-01-13,,,,1342.25,44960.0
2017-01-16,,,,1365.25,29140.0
2017-01-17,,,,1353.0,2000.0
2017-01-18,,,,1367.75,9930.0
2017-01-19,,,,1343.25,260.0
2017-01-20,,,,1347.5,660.0
2017-01-23,,,,1343.5,1700.0
2017-01-24,,,,1340.25,130860.0
2017-01-25,,,,1310.25,113360.0
2017-01-26,,,,1298.25,155650.0
2017-01-27,,,,1335.5,1520.0
2017-01-30,,,,1340.0,17940.0
2017-01-31,,,,1362.0,25330.0
2017-02-01,,,,1346.25,33900.0
2017-02-02,,,,1368.5,3060.0
2017-02-03,,,,1367.25,1840.0
2017-02-06,,,,1386.25,26720.0
2017-02-07,,,,1388.75,12200.0
2017-02-08,,,,1387.5,1850.0
2017-02-09,,,,1379.5,3600.0
2017-02-10,,,,1404.25,17600.0
2017-02-13,,,,1391.75,3590.0
2017-02-14,,,,1398.5,36370.0
2017-02-15,,,,1407.75,840.0
2017-02-16,,,,1414.25,11260.0
2017-02-17,,,,1417.5,5720.0
2017-02-20,,,,1415.25,850.0
2017-02-21,,,,1412.25,1720.0
2017-02-22,,,,1409.5,2470.0
2017-02-23,,,,1409.0,10130.0
2017-02-24,,,,1435.25,7340.0
2017-02-27,,,,1446.25,2170.0
2017-02-28,,,,1449.5,10600.0
2017-03-01,,,,1457.0,2010.0
2017-03-02,,,,1455.0,3140.0
2017-03-03,,,,1410.0,3070.0
2017-03-06,,,,1417.5,9220.0
2017-03-07,,,,1403.0,2510.0
2017-03-08,,,,1388.0,30040.0
2017-03-09,,,,1374.0,1280.0
2017-03-10,,,,1357.75,2570.0
2017-03-13,,,,1357.0,1530.0
2017-03-14,,,,1360.25,7100.0
2017-03-15,,,,1347.5,860.0
2017-03-16,,,,1370.25,4520.0
2017-03-17,,,,1367.75,5190.0
2017-03-20,,,,1377.5,2550.0
2017-03-21,,,,1371.25,2320.0
2017-03-22,,,,1374.5,2340.0
2017-03-23,,,,1370.0,300.0
2017-03-24,,,,1386.0,580.0
2017-03-27,,,,1399.0,2890.0
2017-03-28,,,,1421.0,17670.0
2017-03-29,,,,1430.5,109230.0
2017-03-30,,,,1428.25,1030.0
2017-03-31,,,,1419.0,1440.0
2017-04-03,,,,1428.5,580.0
2017-04-04,,,,1436.5,3230.0
2017-04-05,,,,1426.5,22730.0
2017-04-06,,,,1424.5,26570.0
2017-04-07,,,,1444.0,13080.0
2017-04-10,,,,1404.5,780.0
2017-04-11,,,,1430.0,17080.0
2017-04-12,,,,1430.5,5290.0
2017-04-13,,,,1440.5,3100.0
2017-04-18,,,,1394.0,3770.0
2017-04-19,,,,1385.25,24640.0
2017-04-20,,,,1373.0,2960.0
2017-04-21,,,,1364.5,15170.0
2017-04-24,,,,1367.0,1000.0
2017-04-25,,,,1345.75,900.0
2017-04-26,,,,1326.0,2840.0
2017-04-27,,,,1307.25,7810.0
2017-04-28,,,,1300.0,1670.0
2017-05-02,,,,1270.0,21860.0
2017-05-03,,,,1249.5,16090.0
2017-05-04,,,,1232.5,6550.0
2017-05-05,,,,1227.25,2020.0
2017-05-08,,,,1228.5,54070.0
2017-05-09,,,,1217.25,6440.0
2017-05-10,,,,1220.75,6780.0
2017-05-11,,,,1233.0,3330.0
2017-05-12,,,,1246.0,5250.0
2017-05-15,,,,1261.75,1310.0
2017-05-16,,,,1267.5,302520.0
2017-05-17,,,,1274.5,3610.0
2017-05-18,,,,1248.0,4470.0
2017-05-19,,,,1257.5,2390.0
2017-05-22,,,,1285.75,2070.0
2017-05-23,,,,1293.0,420.0
2017-05-24,,,,1290.25,3030.0
2017-05-25,,,,1295.5,790.0
2017-05-26,,,,1325.0,630.0
2017-05-30,,,,1318.5,620.0
2017-06-01,,,,1304.5,17430.0
2017-06-02,,,,1330.75,2060.0
2017-06-05,,,,1328.25,1160.0
2017-06-06,,,,1341.75,2880.0
2017-06-07,,,,1332.0,16290.0
2017-06-08,,,,1312.5,720.0
2017-06-12,,,,1305.75,28860.0
2017-06-13,,,,1285.75,47820.0
2017-06-14,,,,1314.0,6490.0
2017-06-15,,,,1280.5,39330.0
2017-06-16,,,,1271.75,3690.0
2017-06-19,,,,1268.0,7510.0
2017-06-20,,,,1271.75,500.0
2017-06-21,,,,1265.0,1420.0
2017-06-22,,,,1279.0,3400.0
2017-06-23,,,,1283.0,3500.0
2017-06-26,,,,1272.0,2790.0
2017-06-28,,,,1267.5,250.0
2017-06-29,,,,1253.5,8710.0
2017-06-30,,,,1250.5,10.0
2017-07-03,,,,1216.75,1070.0
2017-07-04,,,,1214.75,2610.0
2017-07-05,,,,1205.5,26620.0
2017-07-06,,,,1201.75,9000.0
2017-07-07,,,,1171.75,44470.0
2017-07-10,,,,1182.25,33010.0
2017-07-11,,,,1197.5,32220.0
2017-07-12,,,,1205.25,41230.0
2017-07-13,,,,1189.25,3770.0
2017-07-14,,,,1189.5,42930.0
2017-07-17,,,,1208.0,8350.0
2017-07-18,,,,1219.0,2950.0
2017-07-19,,,,1219.75,2810.0
2017-07-20,,,,1232.0,3100.0
2017-07-21,,,,1238.75,13900.0
2017-07-24,,,,1236.25,1140.0
2017-07-25,,,,1233.0,6220.0
2017-07-26,,,,1227.75,3940.0
2017-07-27,,,,1241.0,20500.0
2017-07-28,,,,1244.0,81940.0
2017-07-31,,,,1247.5,24060.0
2017-08-01,,,,1237.5,288110.0
2017-08-02,,,,1235.5,103680.0
2017-08-03,,,,1236.0,500.0
2017-08-04,,,,1216.75,78720.0
2017-08-07,,,,1217.0,3910.0
2017-08-08,,,,1230.5,32610.0
2017-08-09,,,,1267.25,60430.0
2017-08-10,,,,1288.0,5150.0
2017-08-11,,,,1281.25,71420.0
2017-08-14,,,,1283.5,12130.0
2017-08-15,,,,1260.25,26080.0
2017-08-16,,,,1279.25,21050.0
2017-08-17,,,,1290.75,14240.0
2017-08-18,,,,1293.25,74670.0
2017-08-21,,,,1288.0,1930.0
2017-08-22,,,,1293.0,1560.0
2017-08-23,,,,1295.75,9440.0
2017-08-24,,,,1291.25,12510.0
2017-08-25,,,,1292.75,10400.0
2017-08-29,,,,1323.5,116840.0
2017-08-30,,,,1313.0,30930.0
2017-08-31,,,,1329.75,3050.0
2017-09-01,,,,1327.25,1170.0
2017-09-04,,,,1348.0,16500.0
2017-09-05,,,,1342.5,35770.0
2017-09-06,,,,1338.0,4990.0
2017-09-07,,,,1343.25,12600.0
2017-09-08,,,,1331.0,5490.0
2017-09-11,,,,1322.5,71720.0
2017-09-12,,,,1310.0,2370.0
2017-09-13,,,,1305.0,2060.0
2017-09-14,,,,1289.5,23350.0
2017-09-15,,,,1264.25,2070.0
2017-09-18,,,,1241.75,1020.0
2017-09-19,,,,1243.75,2370.0
2017-09-20,,,,1244.25,1940.0
2017-09-21,,,,1221.75,2620.0
2017-09-22,,,,1222.5,1240.0
2017-09-25,,,,1231.5,6590.0
2017-09-26,,,,1229.5,14950.0
2017-09-27,,,,1223.25,6470.0
2017-09-28,,,,1218.5,330.0
2017-09-29,,,,1223.25,1730.0
2017-10-02,,,,1223.25,4410.0
2017-10-03,,,,1224.0,450.0
2017-10-04,,,,1221.5,2760.0
2017-10-05,,,,1239.0,13960.0
2017-10-06,,,,1247.5,7950.0
2017-10-09,,,,1257.0,1940.0
2017-10-10,,,,1266.25,3690.0
2017-10-11,,,,1263.0,500.0
2017-10-12,,,,1273.25,480.0
2017-10-13,,,,1269.5,23560.0
2017-10-16,,,,1277.75,1450.0
2017-10-17,,,,1257.5,1190.0
2017-10-18,,,,1254.0,2980.0
2017-10-19,,,,1273.5,1120.0
2017-10-20,,,,1257.25,3060.0
2017-10-23,,,,1248.25,330.0
2017-10-24,,,,1257.25,2990.0
2017-10-25,,,,1244.5,24270.0
2017-10-26,,,,1248.25,22020.0
2017-10-27,,,,1243.75,3190.0
2017-10-30,,,,1242.5,5510.0
2017-10-31,,,,1222.75,12340.0
2017-11-01,,,,1258.5,4820.0
2017-11-02,,,,1272.75,42260.0
2017-11-03,,,,1253.0,3250.0
2017-11-06,,,,1271.5,1150.0
2017-11-07,,,,1257.75,7720.0
2017-11-08,,,,1281.0,11040.0
2017-11-09,,,,1259.75,3820.0
2017-11-10,,,,1243.75,3900.0
2017-11-13,,,,1264.75,3000.0
2017-11-14,,,,1264.0,160.0
2017-11-15,,,,1259.0,20670.0
2017-11-16,,,,1260.5,1010.0
2017-11-17,,,,1261.0,1790.0
2017-11-20,,,,1247.0,8330.0
2017-11-21,,,,1253.5,23500.0
2017-11-22,0.0,,,1256.0,400.0
2017-11-23,,,,1251.5,970.0
2017-11-24,0.0,,,1242.0,950.0
2017-11-27,,,,1248.25,190.0
2017-11-28,,,,1240.5,29670.0
2017-11-29,,,,1205.75,105570.0
2017-11-30,,,,1180.25,121790.0
2017-12-01,,,,1193.25,25330.0
2017-12-04,,,,1176.75,14060.0
2017-12-05,,,,1162.75,4770.0
2017-12-06,,,,1159.5,11120.0
2017-12-07,,,,1146.25,19880.0
2017-12-08,,,,1150.75,960.0
2017-12-11,,,,1149.5,2490.0
2017-12-12,,,,1144.75,24080.0
2017-12-13,,,,1148.5,58010.0
2017-12-14,,,,1151.0,30610.0
2017-12-15,,,,1171.0,64959.99999999999
2017-12-18,,,,1174.0,2150.0
2017-12-19,,,,1175.5,39500.0
2017-12-20,0.0,,,1178.0,40.0
2017-12-21,0.0,,,1179.5,590.0
2017-12-22,0.0,,,1179.75,910.0
2017-12-27,,,,1214.25,6090.0
2017-12-28,,,,1219.25,2940.0
2017-12-29,0.0,,,1215.5,300.0
2018-01-02,,,,1231.5,33260.0
2018-01-03,0.0,,,1238.5,3140.0
2018-01-04,,,,1238.5,23610.0
2018-01-05,,,,1237.5,17780.0
2018-01-08,0.0,,,1227.0,6710.0
2018-01-09,0.0,,,1222.75,3450.0
2018-01-10,,,,1224.5,910.0
2018-01-11,,,,1221.5,18210.0
2018-01-12,,,,1217.25,2020.0
2018-01-15,,,,1223.25,11290.0
2018-01-16,,,,1211.5,7380.0
2018-01-17,,,,1203.5,9930.0
2018-01-18,,,,1193.0,5960.0
2018-01-19,,,,1196.5,3700.0
2018-01-22,,,,1186.5,5810.0
2018-01-23,,,,1180.0,22780.0
2018-01-24,,,,1191.75,8189.999999999999
2018-01-25,,,,1198.25,2100.0
2018-01-26,,,,1197.75,3470.0
2018-01-29,,,,1188.75,54310.0
2018-01-30,,,,1183.5,17450.0
2018-01-31,,,,1182.0,5470.0
2018-02-01,,,,1171.5,22700.0
2018-02-02,,,,1149.75,36400.0
2018-02-05,,,,1167.0,15770.0
2018-02-06,,,,1164.0,10480.0
2018-02-07,,,,1152.5,12980.0
2018-02-08,,,,1145.0,17050.0
2018-02-09,,,,1146.25,38130.0
2018-02-12,,,,1165.5,34250.0
2018-02-13,,,,1158.5,26800.0
2018-02-14,,,,1171.0,64220.0
2018-02-15,,,,1155.5,6060.0
2018-02-18,,,,1161.5,
2018-02-19,,,,1159.5,5550.0
2018-02-20,,,,1148.5,18000.0
2018-02-21,0.0,,,1161.0,0.0
2018-02-22,,,,1161.5,21380.0
2018-02-23,,,,1151.25,13150.0
2018-02-26,0.0,,,1158.25,1170.0
2018-02-27,,,,1148.0,16030.000000000002
2018-02-28,,,,1161.5,11100.0
2018-03-01,0.0,,,1152.5,1310.0
2018-03-02,,,,1163.25,24770.0
2018-03-05,,,,1153.0,2330.0
2018-03-06,,,,1179.0,36860.0
2018-03-07,,,,1153.0,22940.0
2018-03-08,,,,1160.0,4170.0
2018-03-09,,,,1167.5,1970.0
2018-03-12,,,,1154.5,87720.0
2018-03-13,,,,1153.5,1460.0
2018-03-14,,,,1152.5,1380.0
2018-03-15,,,,1146.0,23670.0
2018-03-16,,,,1137.0,82690.0
2018-03-19,,,,1131.5,4660.0
2018-03-20,,,,1124.0,460.0
2018-03-21,,,,1136.25,21040.0
2018-03-22,,,,1129.75,10290.0
2018-03-23,,,,1139.5,90.0
2018-03-26,,,,1144.0,68670.0
2018-03-27,,,,1134.5,42520.0
2018-03-28,,,,1123.0,30260.0
2018-03-29,,,,1130.25,32040.0
2018-04-03,,,,1134.5,4890.0
2018-04-04,,,,1123.5,12200.0
2018-04-05,,,,1136.5,86020.0
2018-04-06,,,,1130.5,23160.0
2018-04-10,,,,1137.5,21000.0
2018-04-11,,,,1154.75,11090.0
2018-04-12,,,,1128.0,90390.0
2018-04-13,,,,1136.5,28090.0
2018-04-16,,,,1135.5,3600.0
2018-04-17,,,,1140.5,22030.0
2018-04-18,,,,1177.0,12650.0
2018-04-19,,,,1178.5,127770.0
2018-04-20,,,,1192.0,37900.0
2018-04-23,,,,1163.0,80010.0
2018-04-24,,,,1163.75,37170.0
2018-04-25,,,,1153.5,6340.0
2018-04-26,,,,1150.75,46300.0
2018-04-27,,,,1161.75,10300.0
2018-04-30,,,,1151.0,56930.0
2018-05-01,,,,1148.5,29700.0
2018-05-02,,,,1174.25,100920.0
2018-05-03,,,,1178.5,7540.0
2018-05-04,,,,1181.0,10400.0
2018-05-08,,,,1174.5,4370.0
2018-05-09,,,,1183.75,2240.0
2018-05-10,,,,1204.25,25300.0
2018-05-11,,,,1201.25,2580.0
2018-05-14,,,,1191.25,46440.0
2018-05-15,,,,1172.0,13110.0
2018-05-16,,,,1174.75,1210.0
2018-05-17,,,,1186.0,2240.0
2018-05-18,,,,1185.5,700.0
2018-05-21,,,,1193.5,13730.0
2018-05-22,,,,1199.5,48430.0
2018-05-23,,,,1194.25,43560.0
2018-05-24,,,,1208.5,10770.0
2018-05-25,,,,1207.5,6800.0
2018-05-29,,,,1203.25,4710.0
2018-05-30,,,,1205.25,1370.0
2018-05-31,,,,1206.5,1490.0
2018-06-01,,,,1199.25,35000.0
2018-06-04,,,,1200.5,10300.0
2018-06-05,,,,1201.0,13770.0
2018-06-06,,,,1209.5,11300.0
2018-06-07,,,,1221.5,24420.0
2018-06-10,,,,1214.0,
2018-06-11,,,,1229.0,15050.0
2018-06-12,,,,1227.5,1160.0
2018-06-13,,,,1234.5,6740.0
2018-06-14,,,,1255.0,78930.0
2018-06-15,,,,1216.5,6370.0
2018-06-18,,,,1208.5,123150.0
2018-06-19,,,,1205.5,26050.0
2018-06-21,,,,1194.0,640.0
2018-06-22,,,,1201.5,300.0
2018-06-26,,,,1195.0,1340.0
2018-06-27,,,,1195.5,20680.0
2018-06-28,,,,1185.25,640.0
2018-06-29,,,,1187.0,700.0
2018-07-02,,,,1174.75,19780.0
2018-07-03,,,,1180.5,21720.0
2018-07-04,,,,1181.5,5220.0
2018-07-05,,,,1181.75,10390.0
2018-07-09,,,,1182.5,260.0
2018-07-11,,,,1162.5,45280.0
2018-07-12,,,,1173.5,15870.0
2018-07-13,,,,1164.0,36680.0
2018-07-16,,,,1157.0,1020.0
2018-07-18,,,,1152.5,14500.0
2018-07-19,,,,1142.0,2530.0
2018-07-20,,,,1147.25,90.0
2018-07-23,,,,1139.5,12810.0
2018-07-24,,,,1147.0,10830.0
2018-07-25,,,,1149.0,1070.0
2018-07-26,,,,1143.5,2380.0
2018-07-27,,,,1148.5,80.0
2018-07-30,,,,1145.75,1840.0
2018-07-31,,,,1150.25,20.0
2018-08-01,,,,1141.5,1290.0
2018-08-02,,,,1147.0,1960.0
2018-08-03,,,,1159.5,18090.0
2018-08-06,,,,1150.75,700.0
2018-08-07,,,,1153.0,1300.0
2018-08-08,,,,1158.0,2770.0
2018-08-09,,,,1165.75,270.0
2018-08-10,,,,1167.5,3110.0
2018-08-13,,,,1147.0,6820.0
2018-08-14,,,,1149.0,34090.0
2018-08-15,,,,1105.25,620.0
2018-08-16,,,,1129.75,3370.0
2018-08-17,,,,1120.5,1680.0
2018-08-20,,,,1116.5,2500.0
2018-08-21,,,,1113.5,1070.0
2018-08-22,,,,1108.5,3160.0
2018-08-23,,,,1103.5,3150.0
2018-08-24,,,,1121.5,20090.0
2018-08-28,,,,1120.5,5940.0
2018-08-29,,,,1099.0,1170.0
2018-08-30,,,,1088.25,8250.0
2018-08-31,,,,1086.25,21100.0
2018-09-03,,,,1094.25,1780.0
2018-09-04,,,,1067.0,34750.0
2018-09-05,,,,1070.5,12020.0
2018-09-06,,,,1063.25,50530.0
2018-09-07,,,,1067.0,19950.0
2018-09-10,,,,1057.25,7950.0
2018-09-11,,,,1050.0,27420.0
2018-09-12,,,,1060.0,10350.0
2018-09-13,,,,1054.0,19410.0
2018-09-14,,,,1050.0,105740.0
2018-09-17,,,,1050.5,131450.0
2018-09-18,,,,1046.25,14000.0
2018-09-19,,,,1054.5,2330.0
2018-09-20,,,,1043.5,66090.0
2018-09-21,,,,1063.5,6130.0
2018-09-24,,,,1060.75,51490.0
2018-09-25,,,,1072.25,79700.0
2018-09-26,,,,1058.5,950.0
2018-09-27,,,,1054.0,1030.0
2018-09-28,,,,1092.75,63260.0
2018-10-01,,,,1072.5,74460.0
2018-10-02,,,,1110.25,3580.0
2018-10-03,,,,1095.25,1530.0
2018-10-04,,,,1090.75,2670.0
2018-10-05,,,,1084.25,15930.0
2018-10-08,,,,1061.25,32540.0
2018-10-09,,,,1065.0,3230.0
2018-10-10,,,,1050.0,5360.0
2018-10-11,,,,1070.25,1660.0
2018-10-12,,,,1077.75,53130.0
2018-10-15,,,,1086.5,286500.0
2018-10-16,,,,1082.75,29780.0
2018-10-17,,,,1085.75,760.0
2018-10-18,,,,1084.0,1050.0
2018-10-19,,,,1087.75,460.0
2018-10-22,,,,1086.75,6080.0
2018-10-23,,,,1103.5,7960.0
2018-10-24,,,,1104.5,70.0
2018-10-25,,,,1107.75,70.0
2018-10-26,,,,1115.25,1790.0
2018-10-29,,,,1106.0,1300.0
2018-10-30,,,,1102.25,6770.0
2018-10-31,,,,1086.75,21080.0
2018-11-01,,,,1100.75,13360.0
2018-11-02,,,,1105.5,49850.0
2018-11-06,,,,1079.5,1420.0
2018-11-07,,,,1077.75,17890.0
2018-11-08,,,,1069.0,660.0
2018-11-09,,,,1055.5,7530.0
2018-11-12,,,,1060.0,6520.0
2018-11-13,,,,1047.5,73190.0
2018-11-14,,,,1046.5,9420.0
2018-11-15,,,,1082.25,29730.0
2018-11-16,,,,1085.25,24020.0
2018-11-20,,,,1084.25,10000.0
2018-11-22,,,,1092.25,310.0
2018-11-23,,,,1083.75,22490.0
2018-11-26,,,,1080.5,6600.0
2018-11-27,,,,1075.75,32660.0
2018-11-28,,,,1078.25,1560.0
2018-11-29,,,,1086.75,21100.0
2018-11-30,,,,1072.25,25650.0
2018-12-03,,,,1103.0,2590.0
2018-12-04,,,,1111.25,14240.0
2018-12-05,,,,1103.25,6560.0
2018-12-06,,,,1095.75,2810.0
2018-12-07,,,,1109.75,41960.0
2018-12-10,,,,1127.75,1550.0
2018-12-11,,,,1127.75,28790.0
2018-12-12,,,,1130.25,3090.0
2018-12-14,,,,1126.75,1000.0
2018-12-17,,,,1125.75,3500.0
2018-12-18,,,,1124.75,840.0
2018-12-19,,,,1132.75,520.0
2018-12-20,,,,1130.25,2630.0
2018-12-21,,,,1124.5,11030.0
2018-12-24,,,,1125.25,11360.0
2018-12-27,,,,1165.5,9160.0
2018-12-28,,,,1167.75,260140.0
2018-12-31,,,,1173.25,17120.0
2019-01-02,,,,1202.5,2060.0
2019-01-03,,,,1204.5,26460.0
2019-01-04,,,,1198.0,26590.0
2019-01-07,,,,1190.75,1460.0
2019-01-08,,,,1190.25,7210.0
2019-01-09,,,,1188.75,159840.0
2019-01-10,,,,1187.5,11170.0
2019-01-11,,,,1181.75,740.0
2019-01-14,,,,1174.75,5520.0
2019-01-15,,,,1182.0,9940.0
2019-01-16,,,,1175.5,3490.0
2019-01-17,,,,1162.0,6120.0
2019-01-18,,,,1156.75,9470.0
2019-01-21,,,,1147.25,6890.0
2019-01-22,,,,1145.5,2590.0
2019-01-23,,,,1138.0,2710.0
2019-01-24,,,,1139.5,2610.0
2019-01-25,,,,1154.25,21910.0
2019-01-28,,,,1158.75,8910.0
2019-01-29,,,,1168.75,16900.0
2019-01-30,,,,1182.25,410.0
2019-01-31,,,,1185.75,4990.0
2019-02-01,,,,1182.75,1200.0
2019-02-04,,,,1179.75,3070.0
2019-02-05,,,,1187.75,1690.0
2019-02-07,,,,1172.25,3400.0
2019-02-08,,,,1180.25,300.0
2019-02-11,,,,1184.25,800.0
2019-02-12,,,,1178.75,11700.0
2019-02-13,,,,1182.75,420.0
2019-02-14,,,,1179.75,405820.0
2019-02-15,,,,1178.25,4230.0
2019-02-18,,,,1185.75,2580.0
2019-02-19,,,,1184.75,73500.0
2019-02-20,,,,1196.5,14320.0
2019-02-21,,,,1179.75,29730.0
2019-02-22,,,,1181.75,22730.0
2019-02-25,,,,1178.75,58560.0
2019-02-26,,,,1161.25,1330.0
2019-02-27,,,,1145.25,2300.0
2019-02-28,,,,1141.25,210.0
2019-03-01,,,,1123.25,3820.0
2019-03-04,,,,1110.25,10420.0
2019-03-05,,,,1114.75,3790.0
2019-03-06,,,,1110.25,20710.0
2019-03-07,,,,1112.25,920.0
2019-03-08,,,,1141.25,70.0
2019-03-11,,,,1129.25,810.0
2019-03-12,,,,1139.25,6960.0
2019-03-13,,,,1132.75,3050.0
2019-03-14,,,,1108.25,500.0
2019-03-15,,,,1116.25,1780.0
2019-03-18,,,,1127.0,
2019-03-19,,,,1124.75,140.0
2019-03-20,,,,1123.75,150.0
2019-03-21,,,,1145.25,30.0
2019-03-22,,,,1129.75,850.0
2019-03-25,,,,1144.75,460.0
2019-03-26,,,,1131.25,570.0
2019-03-27,,,,1121.25,200.0
2019-03-28,,,,1115.0,
2019-03-29,,,,1127.0,
2019-04-01,,,,1114.0,
2019-04-02,,,,1120.75,28500.0
2019-04-03,,,,1113.75,460.0
2019-04-04,,,,1116.75,1670.0
2019-04-05,,,,1127.75,5570.0
2019-04-08,,,,1130.25,12560.0
2019-04-09,,,,1134.25,380.0
2019-04-10,,,,1129.25,10.0
2019-04-11,,,,1114.0,
2019-04-12,,,,1111.75,90.0
2019-04-15,,,,1105.75,680.0
2019-04-16,,,,1110.75,890.0
2019-04-17,,,,1112.25,13230.0
2019-04-18,,,,1117.25,160.0
2019-04-23,,,,1106.25,600.0
2019-04-24,,,,1119.25,2490.0
2019-04-25,,,,1123.75,430.0
2019-04-26,,,,1126.75,18000.0
2019-04-29,,,,1117.25,4000.0
2019-04-30,,,,1109.25,550.0
2019-05-01,,,,1087.5,1430.0
2019-05-02,,,,1086.0,9560.0
2019-05-03,,,,1101.0,19740.0
2019-05-07,,,,1105.5,8450.0
2019-05-08,,,,1110.0,
2019-05-09,,,,1099.0,1920.0
2019-05-10,,,,1098.0,4850.0
2019-05-13,,,,1104.0,1010.0
2019-05-14,,,,1110.5,1770.0
2019-05-15,,,,1112.75,9400.0
2019-05-16,,,,1104.0,810.0
2019-05-17,,,,1095.0,9750.0
2019-05-20,,,,1099.75,6570.0
2019-05-21,,,,1096.0,3130.0
2019-05-22,,,,1108.0,11640.0
2019-05-23,,,,1118.25,27110.0
2019-05-24,,,,1112.75,5120.0
2019-05-28,,,,1093.5,910.0
2019-05-29,,,,1105.5,3270.0
2019-05-30,,,,1116.75,3320.0
2019-05-31,,,,1119.25,360.0
2019-06-03,,,,1131.75,39630.0
2019-06-04,,,,1125.25,1800.0
2019-06-05,,,,1129.75,13980.0
2019-06-06,,,,1134.25,5790.0
2019-06-07,,,,1144.25,240.0
2019-06-10,,,,1124.0,
2019-06-11,,,,1123.75,17820.0
2019-06-12,,,,1125.75,50.0
2019-06-13,,,,1134.0,
2019-06-14,,,,1145.75,2180.0
2019-06-17,,,,1145.0,
2019-06-18,,,,1160.25,340.0
2019-06-19,,,,1146.75,30.0
2019-06-20,,,,1175.25,9050.0
2019-06-21,,,,1166.0,640.0
2019-06-24,,,,1174.75,46730.0
2019-06-25,,,,1174.25,10140.0
2019-06-26,,,,1167.75,2310.0
2019-06-27,,,,1160.75,11890.0
2019-06-28,,,,1164.25,3030.0
2019-07-01,,,,1164.75,26400.0
2019-07-02,,,,1168.0,3140.0
2019-07-03,,,,1178.75,1260.0
2019-07-04,,,,1174.25,2200.0
2019-07-05,,,,1160.25,2500.0
2019-07-08,,,,1166.0,
2019-07-09,,,,1171.25,19070.0
2019-07-10,,,,1173.75,30190.0
2019-07-11,,,,1170.25,15400.0
2019-07-12,,,,1168.25,2900.0
2019-07-15,,,,1185.25,460.0
2019-07-16,,,,1222.25,8640.0
2019-07-17,,,,1239.0,27790.0
2019-07-18,,,,1250.25,48430.0
2019-07-19,,,,1249.25,63560.0
2019-07-22,,,,1269.25,27560.0
2019-07-23,,,,1277.25,43680.0
2019-07-24,,,,1284.25,37250.0
2019-07-25,,,,1278.25,22960.0
2019-07-26,,,,1281.75,4400.0
2019-07-29,,,,1296.25,6290.0
2019-07-30,,,,1314.25,15790.0
2019-07-31,,,,1299.25,10870.0
2019-08-01,,,,1286.25,32590.000000000004
2019-08-02,,,,1297.25,20570.0
2019-08-05,,,,1300.25,10490.0
2019-08-06,,,,1311.25,5170.0
2019-08-07,,,,1360.25,46530.0
2019-08-08,,,,1353.25,39290.0
2019-08-09,,,,1364.25,41560.0
2019-08-12,,,,1366.75,28270.0
2019-08-13,,,,1364.75,41120.0
2019-08-14,,,,1384.25,46570.0
2019-08-15,,,,1374.25,10470.0
2019-08-16,,,,1362.25,13990.0
2019-08-19,,,,1351.75,8180.0
2019-08-20,,,,1361.25,30710.0
2019-08-21,,,,1364.25,21620.0
2019-08-22,,,,1351.75,6360.0
2019-08-23,,,,1372.25,7650.0
2019-08-27,,,,1423.75,24630.0
2019-08-28,,,,1445.75,44210.0
2019-08-29,,,,1465.75,43280.0
2019-08-30,,,,1461.75,71620.0
2019-09-02,,,,1482.0,19800.0
2019-09-03,,,,1527.5,22090.0
2019-09-04,,,,1535.0,25430.0
2019-09-05,,,,1474.25,80200.0
2019-09-06,,,,1470.75,130150.0
2019-09-09,,,,1409.0,56090.0
2019-09-10,,,,1418.75,29040.0
2019-09-11,,,,1418.75,19560.0
2019-09-12,,,,1422.25,74120.0
2019-09-13,,,,1378.5,64400.00000000001
2019-09-16,,,,1396.0,54580.0
2019-09-17,,,,1392.25,150.0
2019-09-18,,,,1390.75,30540.0
2019-09-19,,,,1376.5,23450.0
2019-09-20,,,,1376.75,7000.0
2019-09-23,,,,1444.75,108580.0
2019-09-24,,,,1438.5,8210.0
2019-09-25,,,,1427.75,6860.0
2019-09-26,,,,1401.75,39270.0
2019-09-27,,,,1365.25,10220.0
2019-09-30,,,,1337.25,42640.0
2019-10-01,,,,1362.5,21860.0
2019-10-02,,,,1381.0,35510.0
2019-10-03,,,,1374.0,60940.0
2019-10-04,,,,1375.25,53090.0
2019-10-07,,,,1374.75,6130.0
2019-10-08,,,,1401.75,52090.0
2019-10-09,,,,1405.0,11720.0
2019-10-10,,,,1378.25,14220.0
2019-10-11,,,,1332.25,21210.0
2019-10-14,,,,1355.75,10920.0
2019-10-15,,,,1321.75,1000.0
2019-10-16,,,,1309.5,35080.0
2019-10-17,,,,1319.0,17260.0
2019-10-18,,,,1318.25,770.0
2019-10-21,,,,1308.0,960.0
2019-10-22,,,,1305.5,16040.0
2019-10-23,,,,1317.0,150.0
2019-10-24,,,,1338.0,12210.0
2019-10-25,,,,1365.25,5450.0
2019-10-28,,,,1340.0,4070.000000000001
2019-10-29,,,,1337.75,370.0
2019-10-30,,,,1340.0,
2019-10-31,,,,1349.0,15730.0
2019-11-01,,,,1348.75,15040.0
2019-11-04,,,,1347.0,34730.0
2019-11-05,,,,1321.0,12820.0
2019-11-06,,,,1322.25,32600.0
2019-11-07,,,,1293.0,46390.0
2019-11-08,,,,1280.75,38520.0
2019-11-11,,,,1264.0,4730.0
2019-11-12,,,,1259.25,6030.0
2019-11-13,,,,1271.25,2460.0
2019-11-14,,,,1279.5,2450.0
2019-11-15,,,,1269.25,1380.0
2019-11-18,,,,1268.25,11310.0
2019-11-19,,,,1277.25,54650.0
2019-11-20,,,,1278.75,27490.0
2019-11-21,,,,1283.5,6260.0
2019-11-22,,,,1283.75,9510.0
2019-11-25,,,,1268.75,2130.0
2019-11-26,,,,1285.0,2780.0
2019-11-27,,,,1271.0,71320.0
2019-11-28,,,,1267.75,570.0
2019-11-29,,,,1268.75,3790.0
2019-12-02,,,,1265.25,4880.0
2019-12-03,,,,1277.25,6440.0
2019-12-04,,,,1242.0,3650.0
2019-12-05,,,,1245.5,1470.0
2019-12-06,,,,1219.25,16670.0
2019-12-09,,,,1218.75,820.0
2019-12-10,,,,1219.5,17060.0
2019-12-11,,,,1234.75,7480.0
2019-12-12,,,,1239.75,1070.0
2019-12-13,,,,1226.25,8460.0
2019-12-16,,,,1231.75,35300.0
2019-12-17,,,,1253.25,3670.0
2019-12-18,,,,1255.5,10420.0
2019-12-19,,,,1264.25,5230.0
2019-12-20,,,,1269.0,6020.0
2019-12-23,,,,1301.25,24450.0
2019-12-24,,,,1312.25,16550.0
2019-12-27,,,,1325.0,72970.0
2019-12-30,,,,1318.75,60700.0
2019-12-31,,,,1322.0,15450.0
2020-01-02,,,,1319.25,25720.0
2020-01-03,,,,1335.0,75420.0
2020-01-06,,,,1327.75,13620.0
2020-01-07,,,,1343.0,3790.0
2020-01-08,,,,1343.25,20390.0
2020-01-09,,,,1323.5,12140.0
2020-01-10,,,,1341.75,56910.0
2020-01-13,,,,1341.25,19880.0
2020-01-14,,,,1321.25,6250.0
2020-01-15,,,,1330.75,42930.0
2020-01-16,,,,1325.5,7320.0
2020-01-17,,,,1333.0,6450.0
2020-01-20,,,,1342.5,10180.0
2020-01-21,,,,1319.25,70710.0
2020-01-22,,,,1310.25,7740.0
2020-01-23,,,,1313.75,32800.0
2020-01-24,,,,1334.5,31830.0
2020-01-27,,,,1346.25,90920.0
2020-01-28,,,,1305.75,44430.0
2020-01-29,,,,1295.5,66320.0
2020-01-30,,,,1326.25,30130.0
2020-01-31,,,,1324.25,44970.0
2020-02-03,,,,1310.25,3510.0
2020-02-04,,,,1302.5,10090.0
2020-02-05,,,,1311.0,81780.0
2020-02-06,,,,1329.25,36180.0
2020-02-07,,,,1321.0,49680.0
2020-02-10,,,,1330.0,9150.0
2020-02-11,,,,1311.75,19290.0
2020-02-12,,,,1305.25,37660.0
2020-02-13,,,,1306.25,10590.0
2020-02-14,,,,1315.25,7500.0
2020-02-17,,,,1320.75,32440.0
2020-02-18,,,,1348.25,15020.0
2020-02-19,,,,1361.0,26200.0
2020-02-20,,,,1377.0,11010.0
2020-02-21,,,,1377.75,46680.0
2020-02-24,,,,1401.25,88510.0
2020-02-25,,,,1354.25,62310.0
2020-02-26,,,,1335.0,105650.0
2020-02-27,,,,1336.75,53210.0
2020-02-28,,,,1262.75,201400.0
2020-03-02,,,,1264.0,51350.0
2020-03-03,,,,1294.5,22710.0
2020-03-04,,,,1291.25,26570.0
2020-03-05,,,,1291.25,41520.0
2020-03-06,,,,1273.75,86980.0
2020-03-09,,,,1246.75,85170.0
2020-03-10,,,,1260.0,68450.0
2020-03-11,,,,1265.25,19920.0
2020-03-12,,,,1204.75,60690.0
2020-03-13,,,,1138.5,59310.0
2020-03-16,,,928.25,1020.25,206540.0
2020-03-17,,,966.5,1000.5,97590.0
2020-03-18,998.0,,966.0,983.38,314120.0
2020-03-19,,,981.75,1005.5,140920.0
2020-03-20,,,,1029.0,372650.0
2020-03-23,,,,1084.0,469560.0
2020-03-24,,,,1151.25,416700.0
2020-03-25,,,,1180.5,409080.0
2020-03-26,,,,1152.75,101040.0
2020-03-27,,,,1118.5,58270.0
2020-03-30,,,,1090.75,126960.0
2020-03-31,,,,1100.75,20960.0
2020-04-01,,,,1089.5,7080.0
2020-04-02,,,,1126.25,242730.0
2020-04-03,,,,1130.75,167510.0
2020-04-06,,,,1159.5,215180.0
2020-04-07,,,,1193.0,92780.0
2020-04-08,,,,1168.75,213840.0
2020-04-09,,,,1188.25,244450.0
2020-04-14,,,,1200.25,201870.0
2020-04-15,,,,1189.0,107810.0
2020-04-16,,,,1201.0,156920.0
2020-04-17,,,,1169.75,35370.0
2020-04-20,,,,1190.75,144280.0
2020-04-21,,,,1159.5,198530.0
2020-04-22,,,,1173.75,51350.0
2020-04-23,,,,1193.0,108170.0
2020-04-24,,,,1180.5,33870.0
2020-04-27,,,,1182.75,34860.0
2020-04-28,,,,1169.0,57870.0
2020-04-29,,,,1179.75,62520.0
2020-04-30,,,,1157.5,138800.0
2020-05-01,,,,1150.25,90340.0
2020-05-04,,,,1151.5,30840.0
2020-05-05,,,,1155.5,20180.0
2020-05-06,,,,1165.5,22530.0
2020-05-07,,,,1189.5,28550.0
2020-05-11,,,,1204.0,134780.0
2020-05-12,,,,1222.75,60110.0
2020-05-13,,,,1228.25,25910.0
2020-05-14,,,,1247.25,65250.0
2020-05-15,,,,1316.75,262340.0
2020-05-18,,,,1344.5,940550.0
2020-05-19,,,,1367.25,68510.0
2020-05-20,,,,1378.0,170840.0
2020-05-21,,,,1339.75,138280.0
2020-05-22,,,,1357.0,178260.0
2020-05-26,,,,1340.75,66470.0
2020-05-27,,,,1348.0,104520.0
2020-05-28,,,,1366.5,73990.0
2020-05-29,,,,1389.75,84690.0
2020-06-01,,,,1417.0,132500.0
2020-06-02,,,,1380.0,58690.0
2020-06-03,,,,1345.75,158240.0
2020-06-04,,,,1359.25,93450.0
2020-06-05,,,,1314.75,79910.0
2020-06-08,,,,1330.0,48800.0
2020-06-09,,,,1337.75,35360.0
2020-06-10,,,,1342.75,122190.0
2020-06-11,,,,1370.25,77060.0
2020-06-12,,,,1344.0,50850.0
2020-06-15,,,,1325.25,30540.0
2020-06-16,,,,1334.5,43510.0
2020-06-17,,,,1348.0,10030.0
2020-06-18,,,,1350.25,126860.0
2020-06-19,,,,1384.25,18550.0
2020-06-22,,,,1381.75,41530.0
2020-06-23,,,,1381.25,153370.0
2020-06-24,,,,1366.0,102750.0
2020-06-25,,,,1374.25,120810.0
2020-06-26,,,,1389.75,98810.0
2020-06-29,,,,1398.25,82640.0
2020-06-30,,,,1416.75,93530.0
2020-07-01,,,,1384.25,81480.0
2020-07-02,,,,1395.0,44270.0
2020-07-03,,,,1394.5,18650.0
2020-07-06,,,,1409.0,65810.0
2020-07-07,,,,1402.25,108400.0
2020-07-08,,,,1425.25,87860.0
2020-07-09,,,,1420.25,119630.0
2020-07-10,,,,1423.25,91100.0
2020-07-13,,,,1471.25,129840.0
2020-07-14,,,,1476.25,95100.0
2020-07-15,,,,1477.25,51270.0
2020-07-16,,,,1477.75,43110.0
2020-07-17,,,,1488.0,47990.0
2020-07-20,,,,1509.75,99860.0
2020-07-21,,,,1597.0,281220.0
2020-07-22,,,,1692.0,265420.0
2020-07-23,,,,1741.5,156860.0
2020-07-24,,,,1701.5,166070.0
2020-07-27,,,,1809.5,217450.0
2020-07-28,,,,1827.0,338600.0
2020-07-29,,,,1791.75,100510.0
2020-07-30,,,,1714.25,184330.0
2020-07-31,,,,1769.5,235690.0
2020-08-03,,,,1796.25,100530.0
2020-08-04,,,,1874.0,211160.0
2020-08-05,,,,1971.25,228120.0
2020-08-06,,,,2045.5,182280.0
2020-08-07,,,,2064.25,272210.0
2020-08-10,,,,2118.5,170350.0
2020-08-11,,,,1997.75,483160.0
2020-08-12,,,,1899.75,376170.0
2020-08-13,,,,1967.75,263630.0
2020-08-14,,,,1966.0,151070.0
2020-08-17,,,,2017.5,266550.0
2020-08-18,,,,2022.0,206550.0
2020-08-19,,,,2000.5,206870.0
2020-08-20,,,,1994.0,167720.0
2020-08-21,,,,1974.5,205630.0
2020-08-24,,,,1953.5,97210.0
2020-08-25,,,,1937.5,118690.0
2020-08-26,,,,1977.75,54100.0
2020-08-27,,,,1959.75,166880.0
2020-08-28,,,,1995.5,137050.0
2020-09-01,,,,2043.5,151380.0
2020-09-02,,,,1976.0,293420.0
2020-09-03,,,,1935.5,60560.0
2020-09-04,,,,1931.5,51550.0
2020-09-07,,,,1966.75,26990.0
2020-09-08,,,,1957.0,62980.0
2020-09-09,,,,1990.5,78960.0
2020-09-10,,,,2032.25,49640.0
2020-09-11,,,,2028.0,50530.0
2020-09-14,,,,2039.5,135370.0
2020-09-15,,,,2032.25,181560.0
2020-09-16,,,,2028.25,68040.0
2020-09-17,,,,2005.75,95510.0
2020-09-18,,,,2002.5,117430.0
2020-09-21,,,,1829.75,268490.0
2020-09-22,,,,1841.0,172020.0
2020-09-23,,,,1746.25,636420.0
2020-09-24,,,,1702.5,182370.0
2020-09-25,,,,1742.25,115060.0
2020-09-28,,,,1747.75,130170.0
2020-09-29,,,,1804.5,155880.0
2020-09-30,,,,1775.5,65470.0
2020-10-01,,,,1797.25,146140.0
2020-10-02,,,,1793.0,84390.0
2020-10-05,,,,1807.25,56800.0
2020-10-06,,,,1786.0,147130.0
2020-10-07,,,,1774.0,179400.0
2020-10-08,,,,1782.0,155840.0
2020-10-09,,,,1831.75,126590.0
2020-10-12,,,,1844.0,107590.0
2020-10-13,,,,1791.75,152970.0
2020-10-14,,,,1810.0,84020.0
2020-10-15,,,,1800.0,165290.0
2020-10-16,,,,1807.75,55730.0
2020-10-19,,,,1820.0,82030.0
2020-10-20,,,,1838.75,73020.0
2020-10-21,,,,1833.5,40170.0
2020-10-22,,,,1809.5,65269.99999999999
2020-10-23,,,,1812.0,53850.0
2020-10-26,,,,1805.5,50480.0
2020-10-27,,,,1800.25,60160.0
2020-10-28,,,,1738.5,99210.0
2020-10-29,,,,1741.25,104010.0
2020-10-30,,,,1759.5,32550.0
2020-11-02,,,,1781.0,43290.0
2020-11-03,,,,1783.5,44270.0
2020-11-04,,,,1779.0,65860.0
2020-11-05,,,,1836.0,107990.0
2020-11-06,,,,1862.75,80490.0
2020-11-09,,,,1744.25,149440.0
2020-11-10,,,,1777.25,88930.0
2020-11-11,,,,1765.25,111000.0
2020-11-12,,,,1786.5,50630.0
2020-11-13,,,,1802.25,21680.0
2020-11-16,,,,1795.5,71610.0
2020-11-17,,,,1782.5,36090.0
2020-11-18,,,,1778.25,39210.0
2020-11-19,,,,1741.0,89380.0
2020-11-20,,,,1760.5,41300.0
2020-11-23,,,,1702.5,69000.0
2020-11-24,,,,1672.0,100710.0
2020-11-25,,,,1681.0,24200.0
2020-11-26,,,,1684.5,22890.0
2020-11-27,,,,1640.0,40080.0
2020-11-30,,,,1619.5,51080.0
2020-12-01,,,,1697.75,64620.00000000001
2020-12-02,,,,1727.5,48030.0
2020-12-03,,,,1706.5,33480.0
2020-12-04,,,,1720.75,11620.0
2020-12-07,,,,1780.25,56690.0
2020-12-08,,,,1770.0,40110.0
2020-12-09,,,,1739.25,33330.0
2020-12-10,,,,1737.25,15150.0
2020-12-11,,,,1747.0,22120.0
2020-12-14,,,,1719.0,41740.0
2020-12-15,,,,1746.0,21580.0
2020-12-16,,,,1782.0,66340.0
2020-12-17,,,,1830.5,76020.0
2020-12-18,,,,1843.25,61750.0
2020-12-21,,,,1892.5,144020.0
2020-12-22,,,,1844.25,82920.0
2020-12-23,,,,1825.5,51880.0
2020-12-24,,,,1821.5,24140.0
2020-12-29,,,,1872.25,68310.0
2020-12-30,,,,1868.0,53880.0
2020-12-31,,,,1864.5,7830.0
2021-01-04,,,,1928.5,155820.0
2021-01-05,,,,1937.5,63640.0
2021-01-06,,,,1901.25,118870.0
2021-01-07,,,,1930.5,83370.0
2021-01-08,,,,1827.75,206090.0
2021-01-11,,,,1797.75,109210.0
2021-01-12,,,,1792.0,72960.0
2021-01-13,,,,1800.25,39150.0
2021-01-14,,,,1799.75,37390.0
2021-01-15,,,,1755.5,73400.0
2021-01-18,,,,1774.0,23330.0
2021-01-19,,,,1783.0,52580.0
2021-01-20,,,,1811.0,102060.0
2021-01-21,,,,1805.25,40260.0
2021-01-22,,,,1793.75,32260.0
2021-01-25,,,,1781.25,32040.0
2021-01-26,,,,1790.5,30050.0
2021-01-27,,,,1774.0,36660.0
2021-01-28,,,,1860.25,198490.0
2021-01-29,,,,1899.75,663350.0
2021-02-01,,,,2010.0,514580.00000000006
2021-02-02,,,,1886.5,325690.0
2021-02-03,,,,1894.25,153000.0
2021-02-04,,,,1840.0,66670.0
2021-02-05,,,,1882.25,43540.0
2021-02-08,,,,1929.5,41010.0
2021-02-09,,,,1905.25,51740.0
2021-02-10,,,,1875.75,29110.0
2021-02-11,,,,1892.0,44730.0
2021-02-12,,,,1900.25,49860.0
2021-02-15,,,,1907.5,65040.00000000001
2021-02-16,,,,1886.5,38990.0
2021-02-17,,,,1880.75,69090.0
2021-02-18,,,,1864.5,49970.0
2021-02-19,,,,1882.25,45160.0
2021-02-22,,,,1905.75,85580.0
2021-02-23,,,,1878.25,67350.0
2021-02-24,,,,1895.25,99400.0
2021-02-25,,,,1889.25,61380.0
2021-02-26,,,,1818.75,221260.0
2021-03-01,,,,1849.5,76830.0
2021-03-02,,,,1825.75,56070.0
2021-03-03,,,,1816.5,127650.0
2021-03-04,,,,1800.0,77820.0
2021-03-05,,,,1744.0,76040.0
2021-03-08,,,,1754.25,56780.0
2021-03-09,,,,1797.5,82970.0
2021-03-10,,,,1799.0,125620.0
2021-03-11,,,,1794.75,121720.0
2021-03-12,,,,1778.0,58420.0
2021-03-15,,,,1811.0,101390.0
2021-03-16,,,,1798.0,27750.0
2021-03-17,,,,1797.75,46340.0
2021-03-18,,,,1815.25,45220.0
2021-03-19,,,,1814.25,36380.0
2021-03-22,,,,1784.0,43200.0
2021-03-23,,,,1761.0,52470.0
2021-03-24,,,,1772.5,50820.0
2021-03-25,,,,1753.0,74190.0
2021-03-26,,,,1745.5,16600.0
2021-03-29,,,,1717.0,23000.0
2021-03-30,,,,1689.25,20280.0
2021-03-31,,,,1695.0,46680.0
2021-04-01,,,,1719.75,46460.0
2021-04-06,,,,1752.0,74260.0
2021-04-07,,,,1759.0,36110.0
2021-04-08,,,,1780.0,65069.99999999999
2021-04-09,,,,1769.0,62830.0
2021-04-12,,,,1738.5,31100.0
2021-04-13,,,,1776.25,16129.999999999998
2021-04-14,,,,1768.5,27160.0
2021-04-15,,,,1810.0,27220.0
2021-04-16,,,,1813.0,31990.0
2021-04-19,,,,1778.25,37720.0
2021-04-20,,,,1780.25,16780.0
2021-04-21,,,,1825.75,33070.0
2021-04-22,,,,1821.25,22460.0
2021-04-23,,,,1807.5,23470.0
2021-04-26,,,,1811.0,38120.0
2021-04-27,,,,1819.25,52670.0
2021-04-28,,,,1797.0,44170.0
2021-04-29,,,,1787.75,107380.0
2021-04-30,,,,1806.0,27700.0
2021-05-04,,,,1840.0,104160.0
2021-05-05,,,,1826.5,87820.0
2021-05-06,,,,1901.5,96950.0
2021-05-07,,,,1882.0,80470.0
2021-05-10,,,,1873.75,61500.0
2021-05-11,,,,1865.75,61340.0
2021-05-12,,,,1859.25,53590.0
2021-05-13,,,,1849.5,62410.0
2021-05-14,,,,1871.25,17030.0
2021-05-17,,,,1912.5,69890.0
2021-05-18,,,,1909.75,67470.0
2021-05-19,,,,1895.0,123280.0
2021-05-20,,,,1892.5,56580.0
2021-05-21,,,,1863.25,39360.0
2021-05-24,,,,1886.5,29980.0
2021-05-25,,,,1898.0,102150.0
2021-05-26,,,,1896.5,34440.0
2021-05-27,,,,1879.5,272340.0
2021-05-28,,,,1886.25,27700.0
2021-06-01,,,,1901.25,69470.0
2021-06-02,,,,1900.75,42560.0
2021-06-03,,,,1859.5,271850.0
2021-06-04,,,,1887.25,27240.0
2021-06-07,,,,1891.25,7520.0
2021-06-08,,,,1878.25,14590.0
2021-06-09,,,,1897.25,3420.0
2021-06-10,,,,1896.75,7470.0
2021-06-11,,,,1907.25,110400.0
2021-06-14,,,,1902.0,40020.0
2021-06-15,,,,1882.25,20080.0
2021-06-16,,,,1891.5,14480.0
2021-06-17,,,,1790.0,114640.0
2021-06-18,,,,1812.0,58360.0
2021-06-21,,,,1794.5,42400.0
2021-06-22,,,,1780.5,20350.0
2021-06-23,,,,1796.5,28810.0
2021-06-24,,,,1800.25,33310.0
2021-06-25,,,,1803.25,76980.0
2021-06-28,,,,1805.75,26880.0
2021-06-29,,,,1792.25,12230.0
2021-06-30,,,,1809.0,7590.0
2021-07-01,,,,1813.5,29760.0
2021-07-02,,,,1840.5,81400.0
2021-07-05,,,,1837.25,19960.0
2021-07-06,,,,1829.75,27940.0
2021-07-07,,,,1821.0,26180.0
2021-07-08,,,,1808.0,34370.0
2021-07-09,,,,1817.5,18570.0
2021-07-12,,,,1813.75,22880.0
2021-07-13,,,,1814.75,21160.0
2021-07-14,,,,1818.5,35500.0
2021-07-15,,,,1822.5,15280.0
2021-07-16,,,,1794.0,19470.0
2021-07-19,,,,1766.25,70990.0
2021-07-20,,,,1754.75,82320.0
2021-07-21,,,,1770.5,33320.0
2021-07-22,,,,1770.75,9830.0
2021-07-23,,,,1759.75,40050.0
2021-07-26,,,,1754.5,7530.0
2021-07-27,,,,1707.25,33160.0
2021-07-28,,,,1723.75,30460.0
2021-07-29,,,,1774.5,17510.0
2021-07-30,,,,1765.0,9080.0
2021-08-02,,,,1759.5,37920.0
2021-08-03,,,,1764.0,7700.0
2021-08-04,,,,1752.0,53530.0
2021-08-05,,,,1742.0,26810.0
2021-08-06,,,,1680.75,40690.0
2021-08-09,,,,1630.5,23270.0
2021-08-10,,,,1623.0,20410.0
2021-08-11,,,,1628.75,19240.0
2021-08-12,,,,1609.5,19360.0
2021-08-13,,,,1648.0,44390.0
2021-08-16,,,,1652.25,17250.0
2021-08-17,,,,1653.5,17880.0
2021-08-18,,,,1636.25,20240.0
2021-08-19,,,,1636.0,25770.0
2021-08-20,,,,1633.5,23870.0
2021-08-23,,,,1656.0,29840.0
2021-08-24,,,,1671.5,15960.0
2021-08-25,,,,1663.25,60840.0
2021-08-26,,,,1652.75,7850.0
2021-08-27,,,,1668.0,16600.0
2021-08-31,,,,1666.5,17350.0
2021-09-01,,,,1685.75,23850.0
2021-09-02,,,,1660.75,28650.0
2021-09-03,,,,1720.0,15140.0
2021-09-06,,,,1714.5,15460.0
2021-09-07,,,,1691.25,22210.0
2021-09-08,,,,1677.0,13580.0
2021-09-09,,,,1670.5,5600.0
2021-09-10,,,,1666.25,10860.0
2021-09-13,,,,1651.0,10200.0
2021-09-14,,,,1652.75,33260.0
2021-09-15,,,,1647.5,12240.0
2021-09-16,,,,1586.25,43130.0
2021-09-17,,,,1572.5,42340.0
2021-09-20,,,,1572.5,30280.0
2021-09-21,,,,1595.25,14900.0
2021-09-22,,,,1614.0,7720.0
2021-09-23,,,,1582.5,36010.0
2021-09-24,,,,1576.25,39140.0
2021-09-27,,,,1592.5,10820.0
2021-09-28,,,,1595.25,11530.0
2021-09-29,,,,1542.0,27540.0
2021-09-30,,,,1577.5,25910.0
2021-10-01,,,,1596.5,22760.0
2021-10-04,,,,1593.5,59760.0
2021-10-05,,,,1590.5,17360.0
2021-10-06,,,,1587.5,32060.000000000004
2021-10-07,,,,1597.5,26930.0
2021-10-08,,,,1602.75,39280.0
2021-10-11,,,,1600.5,30870.0
2021-10-12,,,,1594.25,12810.0
2021-10-13,,,,1630.5,43210.0
2021-10-14,,,,1642.5,37070.0
2021-10-15,,,,1630.0,42510.0
2021-10-18,,,,1626.25,25120.0
2021-10-19,,,,1664.75,22570.0
2021-10-20,,,,1684.75,29170.0
2021-10-21,,,,1677.25,60770.0
2021-10-22,,,,1707.5,42880.0
2021-10-25,,,,1710.5,54830.0
2021-10-26,,,,1671.25,30980.0
2021-10-27,,,,1684.0,19580.0
2021-10-28,,,,1679.5,33500.0
2021-10-29,,,,1673.5,20430.0
2021-11-01,,,,1683.25,35750.0
2021-11-02,,,,1652.0,27930.0
2021-11-03,,,,1630.25,18150.0
2021-11-04,,,,1697.5,25570.0
2021-11-05,,,,1712.0,38990.0
2021-11-08,,,,1727.75,13330.0
2021-11-09,,,,1718.0,33390.0
2021-11-10,,,,1784.75,61120.0
2021-11-11,,,,1805.75,39660.0
2021-11-12,,,,1806.5,16720.0
2021-11-15,,,,1792.25,52110.0
2021-11-16,,,,1781.5,31370.0
2021-11-17,,,,1790.0,14310.0
2021-11-18,,,,1774.75,39130.0
2021-11-19,,,,1776.0,16090.0
2021-11-22,,,,1753.0,57810.0
2021-11-23,,,,1671.5,106100.0
2021-11-24,,,,1694.75,36660.0
2021-11-25,,,,1702.5,8770.0
2021-11-26,,,,1671.0,84870.0
2021-11-29,,,,1646.75,40600.0
2021-11-30,,,,1657.5,21460.0
2021-12-01,,,,1624.75,17470.0
2021-12-02,,,,1615.25,14010.0
2021-12-03,,,,1624.75,33060.0
2021-12-06,,,,1615.75,42710.0
2021-12-07,,,,1636.5,27690.0
2021-12-08,,,,1623.5,10240.0
2021-12-09,,,,1603.0,19710.0
2021-12-10,,,,1606.75,11570.0
2021-12-13,,,,1619.75,7050.0
2021-12-14,,,,1592.25,20000.0
2021-12-15,,,,1566.0,11330.0
2021-12-16,,,,1622.75,11980.0
2021-12-17,,,,1626.5,13260.0
2021-12-20,,,,1618.5,60180.0
2021-12-21,,,,1628.0,11800.0
2021-12-22,,,,1637.0,9770.0
2021-12-23,,,,1641.5,3580.0
2021-12-24,,,,1642.0,6340.0
2021-12-29,,,,1628.0,21190.0
2021-12-30,,,,1639.75,8730.0
2021-12-31,,,,1644.0,9160.0
2022-01-04,,,,1630.5,25590.0
2022-01-05,,,,1638.0,11130.0
2022-01-06,,,,1569.5,25530.0
2022-01-07,,,,1567.75,5790.0
2022-01-10,,,,1587.0,25990.0
2022-01-11,,,,1598.0,8240.0
2022-01-12,,,,1617.0,20620.0
2022-01-13,,,,1615.0,37150.0
2022-01-14,,,,1606.0,58400.0
2022-01-17,,,,1616.5,86070.0
2022-01-18,,,,1656.75,37950.0
2022-01-19,,,,1692.25,77600.0
2022-01-20,,,,1724.25,80730.0
2022-01-21,,,,1726.0,62840.0
2022-01-24,,,,1688.0,100770.0
2022-01-25,,,,1692.75,14860.0
2022-01-26,,,,1686.5,46750.0
2022-01-27,,,,1625.5,25490.0
2022-01-28,,,,1596.5,32180.0
2022-01-31,,,,1602.25,97420.0
2022-02-01,,,,1620.25,35050.0
2022-02-02,,,,1608.25,44370.0
2022-02-03,,,,1586.25,18550.0
2022-02-04,,,,1589.25,15440.0
2022-02-07,,,,1630.0,13260.0
2022-02-08,,,,1642.25,12530.0
2022-02-09,,,,1645.75,8870.0
2022-02-10,,,,1662.75,25500.0
2022-02-11,,,,1639.0,14120.0
2022-02-14,,,,1692.5,49170.0
2022-02-15,,,,1647.25,32830.0
2022-02-16,,,,1661.75,28240.0
2022-02-17,,,,1678.5,32930.0
2022-02-18,,,,1689.75,31710.0
2022-02-21,,,,1686.75,37150.0
2022-02-22,,,,1710.5,26750.0
2022-02-23,,,,1732.25,34490.0
2022-02-24,,,,1774.0,119850.0
2022-02-25,,,,1714.25,56770.0
2022-02-28,,,,1741.75,28120.0
2022-03-01,,,,1807.0,77740.0
2022-03-02,,,,1792.0,57550.0
2022-03-03,,,,1802.25,44720.0
2022-03-04,,,,1858.75,27160.0
2022-03-07,,,,1865.5,106950.0
2022-03-08,,,,1959.0,243590.0
2022-03-09,,,,1903.0,33140.0
2022-03-10,,,,1896.5,205070.0
2022-03-11,,,,1904.5,88420.0
2022-03-14,,,,1847.25,64890.0
2022-03-15,,,,1831.75,39090.0
2022-03-16,,,,1807.0,49270.0
2022-03-17,,,,1854.25,31070.0
2022-03-18,,,,1819.5,20370.0
2022-03-21,,,,1840.0,26870.0
2022-03-22,,,,1796.75,38540.0
2022-03-23,,,,1815.5,20410.0
2022-03-24,,,,1871.5,83490.0
2022-03-25,,,,1851.75,45110.0
2022-03-28,,,,1839.5,26780.0
2022-03-29,,,,1793.5,132800.0
2022-03-30,,,,1818.0,65040.00000000001
2022-03-31,,,,1823.75,63170.0
2022-04-01,,,,1811.0,61940.0
2022-04-04,,,,1794.0,29490.0
2022-04-05,,,,1789.75,134350.0
2022-04-06,,,,1790.75,15740.0
2022-04-07,,,,1797.0,26870.0
2022-04-08,,,,1822.5,19040.0
2022-04-11,,,,1838.5,46940.0
2022-04-12,,,,1883.0,52860.0
2022-04-13,,,,1893.25,273510.0
2022-04-14,,,,1863.75,15130.0
2022-04-19,,,,1855.0,26090.0
2022-04-20,,,,1847.0,31300.0
2022-04-21,,,,1804.25,15720.0
2022-04-22,,,,1806.25,33600.0
2022-04-25,,,,1782.0,53630.0
2022-04-26,,,,1788.25,30110.0
2022-04-27,,,,1790.25,24000.0
2022-04-28,,,,1777.0,17040.0
2022-04-29,,,,1757.5,37970.0
2022-05-03,,,,1742.0,33860.0
2022-05-04,,,,1713.25,26480.0
2022-05-05,,,,1752.5,32570.0
2022-05-06,,,,1750.75,9040.0
2022-05-09,,,,1696.5,35090.0
2022-05-10,,,,1688.75,33670.0
2022-05-11,,,,1695.75,53540.0
2022-05-12,,,,1643.75,50070.0
2022-05-13,,,,1645.5,109920.0
2022-05-16,,,,1676.75,12890.0
2022-05-17,,,,1671.0,12460.0
2022-05-18,,,,1661.0,16510.0
2022-05-19,,,,1681.5,26920.0
2022-05-20,,,,1673.5,28920.0
2022-05-23,,,,1668.25,17370.0
2022-05-24,,,,1693.0,40310.0
2022-05-25,,,,1673.75,23640.0
2022-05-26,,,,1671.75,33770.0
2022-05-27,,,,1681.25,30560.0
2022-05-30,,,,1667.0,72780.0
2022-05-31,,,,1652.75,31750.0
2022-06-01,,,,1673.75,39650.0
2022-06-06,,,,1689.0,23460.0
2022-06-07,,,,1688.5,25970.0
2022-06-08,,,,1695.25,8980.0
2022-06-09,,,,1654.75,26520.0
2022-06-10,,,,1701.25,59920.0
2022-06-13,,,,1665.75,78000.0
2022-06-14,,,,1673.0,8880.0
2022-06-15,,,,1711.25,35790.0
2022-06-16,,,,1696.25,38910.0
2022-06-17,,,,1701.0,24930.0
2022-06-20,,,,1693.25,
2022-06-21,,,,1706.5,12230.0
2022-06-22,,,,1677.0,23090.0
2022-06-23,,,,1666.0,6970.0
2022-06-24,,,,1652.25,25900.0
2022-06-27,,,,1658.5,8290.0
2022-06-28,,,,1646.0,20430.0
2022-06-29,,,,1637.5,17340.0
2022-06-30,,,,1610.75,8850.0
2022-07-01,,,,1583.0,120820.0
2022-07-04,,,,1579.5,12350.0
2022-07-05,,,,1545.5,30050.0
2022-07-06,,,,1541.25,54510.0
2022-07-07,,,,1540.0,36520.0
2022-07-08,,,,1539.75,18910.0
2022-07-11,,,,1548.0,17830.0
2022-07-12,,,,1537.0,45230.0
2022-07-13,,,,1551.75,58990.0
2022-07-14,,,,1493.0,80090.0
2022-07-15,,,,1511.0,45760.0
2022-07-18,,,,1509.5,68230.0
2022-07-19,,,,1503.0,40020.0
2022-07-20,,,,1508.75,4990.0
2022-07-21,,,,1502.75,37930.0
2022-07-22,,,,1503.5,27220.0
2022-07-25,,,,1467.25,27160.0
2022-07-26,,,,1486.25,8490.0
2022-07-27,,,,1483.25,22610.0
2022-07-28,,,,1571.0,16840.0
2022-07-29,,,,1596.0,23240.0
2022-08-01,,,,1586.0,38340.0
2022-08-02,,,,1591.0,13720.0
2022-08-03,,,,1575.25,14770.0
2022-08-04,,,,1588.5,29190.0
2022-08-05,,,,1584.25,12360.0
2022-08-08,,,,1637.75,21100.0
2022-08-09,,,,1622.5,16290.0
2022-08-10,,,,1625.0,14370.0
2022-08-11,,,,1594.0,11320.0
2022-08-12,,,,1623.0,17370.0
2022-08-15,,,,1609.5,7850.0
2022-08-16,,,,1597.0,8870.0
2022-08-17,,,,1571.0,11250.0
2022-08-18,,,,1574.5,
2022-08-19,,,,1551.5,22630.0
2022-08-22,,,,1552.0,26730.0
2022-08-23,,,,1554.5,14470.0
2022-08-24,,,,1557.0,45460.0
2022-08-25,,,,1554.75,17420.0
2022-08-26,,,,1547.0,10710.0
2022-08-30,,,,1515.0,20970.0
2022-08-31,,,,1492.5,34010.0
2022-09-01,,,,1475.75,68290.0
2022-09-02,,,,1505.5,23330.0
2022-09-05,,,,1508.0,33540.0
2022-09-06,,,,1502.0,115840.0
2022-09-07,,,,1528.0,49170.0
2022-09-08,,,,1542.0,21120.0
2022-09-09,,,,1553.0,31030.0
2022-09-12,,,,1626.0,76050.0
2022-09-13,,,,1629.25,39760.0
2022-09-14,,,,1626.0,36070.0
2022-09-15,,,,1605.0,7770.0
2022-09-16,,,,1628.0,21920.0
2022-09-20,,,,1614.5,11320.0
2022-09-21,,,,1643.0,10800.0
2022-09-22,,,,1660.25,10520.0
2022-09-23,,,,1655.0,48670.0
2022-09-26,,,,1665.5,40130.0
2022-09-27,,,,1654.75,21970.0
2022-09-28,,,,1663.0,32730.0
2022-09-29,,,,1630.0,17630.0
2022-09-30,,,,1656.75,11070.0
2022-10-03,,,,1729.5,56920.0
2022-10-04,,,,1774.75,35300.0
2022-10-05,,,,1730.5,63140.0
2022-10-06,,,,1763.5,13130.0
2022-10-07,,,,1747.0,23330.0
2022-10-10,,,,1702.5,50620.0
2022-10-11,,,,1673.5,26610.0
2022-10-12,,,,1643.0,35790.0
2022-10-13,,,,1599.5,72700.0
2022-10-14,,,,1567.5,26700.0
2022-10-17,,,,1571.0,34050.0
2022-10-18,,,,1579.0,27790.0
2022-10-19,,,,1570.5,25080.0
2022-10-20,,,,1603.25,64340.0
2022-10-21,,,,1616.0,61480.0
2022-10-24,,,,1627.0,12700.0
2022-10-25,,,,1607.5,28780.0
2022-10-26,,,,1618.5,17530.0
2022-10-27,,,,1618.5,27630.0
2022-10-28,,,,1580.0,22290.0
2022-10-31,,,,1597.0,2950.0
2022-11-01,,,,1644.0,8370.0
2022-11-02,,,,1639.0,
2022-11-03,,,,1661.5,27620.0
2022-11-04,,,,1762.5,40700.0
2022-11-07,,,,1747.5,33680.0
2022-11-08,,,,1789.0,31710.0
2022-11-09,,,,1791.5,9580.0
2022-11-10,,,,1770.25,22710.0
2022-11-11,,,,1744.0,17700.0
2022-11-14,,,,1783.0,27890.0
2022-11-15,,,,1736.0,16630.0
2022-11-16,,,,1737.5,35990.0
2022-11-17,,,,1697.5,20890.0
2022-11-18,,,,1695.25,6430.0
2022-11-21,,,,1683.0,6380.0
2022-11-22,,,,1696.0,15130.0
2022-11-23,,,,1694.5,1800.0
2022-11-24,,,,1701.5,23600.0
2022-11-25,,,,1694.75,7780.0
2022-11-28,,,,1670.5,18530.0
2022-11-29,,,,1699.5,12090.0
2022-11-30,,,,1744.0,
2022-12-01,,,,1761.5,11900.0
2022-12-02,,,,1799.5,9370.0
2022-12-05,,,,1751.0,5990.0
2022-12-06,,,,1745.75,15770.0
2022-12-07,,,,1775.25,12800.0
2022-12-08,,,,1806.0,6210.0
2022-12-09,,,,1840.0,15010.0
2022-12-12,,,,1809.5,5540.0
2022-12-13,,,,1840.25,23510.0
2022-12-14,,,,1842.0,5620.0
2022-12-15,,,,1812.0,11290.0
2022-12-16,,,,1819.0,8029.999999999999
2022-12-19,,,,1807.5,16710.0
2022-12-20,,,,1892.0,15930.0
2022-12-21,,,,1900.25,18320.0
2022-12-22,,,,1885.0,6450.0
2022-12-23,,,,1886.25,
2022-12-28,,,,1882.0,45120.0
2022-12-29,,,,1901.25,18790.0
2022-12-30,,,,1903.0,1500.0
2023-01-03,,,,1919.5,4070.000000000001
2023-01-04,,,,1918.5,32000.0
2023-01-05,,,,1867.0,21570.0
2023-01-06,,,,1892.0,19220.0
2023-01-09,,,,1871.5,26560.0
2023-01-10,,,,1861.75,19120.0
2023-01-11,,,,1842.0,32850.0
2023-01-12,,,,1870.5,5310.0
2023-01-13,,,,1891.75,12230.0
2023-01-16,,,,1901.5,7240.0
2023-01-17,,,,1871.0,6880.0
2023-01-18,,,,1852.0,23060.0
2023-01-19,,,,1828.0,16300.0
2023-01-20,,,,1848.0,7960.0
2023-01-23,,,,1793.5,13080.0
2023-01-24,,,,1838.5,9960.0
2023-01-25,,,,1838.0,4880.0
2023-01-26,,,,1856.25,8119.999999999999
2023-01-27,,,,1828.5,51480.0
2023-01-30,,,,1832.0,101930.0
2023-01-31,,,,1844.75,6600.0
2023-02-01,,,,1838.5,14440.0
2023-02-02,,,,1842.0,22410.0
2023-02-03,,,,1778.5,37170.0
2023-02-06,,,,1779.5,14850.0
2023-02-07,,,,1780.5,4600.0
2023-02-08,,,,1770.0,9820.0
2023-02-09,,,,1749.0,54560.0
2023-02-10,,,,1747.0,11570.0
2023-02-13,,,,1730.5,27520.0
2023-02-14,,,,1706.5,6030.0
2023-02-15,,,,1720.5,5040.0
2023-02-16,,,,1724.25,400.0
2023-02-17,,,,1728.0,8590.0
2023-02-20,,,,1737.0,9460.0
2023-02-21,,,,1729.5,7710.0
2023-02-22,,,,1718.5,2780.0
2023-02-23,,,,1702.0,3400.0
2023-02-24,,,,1678.0,16570.0
2023-02-27,,,,1642.0,5920.0
2023-02-28,,,,1646.5,11450.0
2023-03-01,,,,1671.5,4670.0
2023-03-02,,,,1670.75,2700.0
2023-03-03,,,,1682.5,6460.0
2023-03-06,,,,1683.5,4840.0
2023-03-07,,,,1632.5,15410.0
2023-03-08,,,,1625.5,690.0
2023-03-09,,,,1621.5,2500.0
2023-03-10,,,,1625.5,4440.0
2023-03-13,,,,1717.0,47430.0
2023-03-14,,,,1723.25,21560.0
2023-03-15,,,,1751.5,25310.0
2023-03-16,,,,1709.0,16300.0
2023-03-17,,,,1742.0,6920.0
2023-03-20,,,,1760.75,47080.0
2023-03-21,,,,1744.0,7950.0
2023-03-22,,,,1775.5,16400.0
2023-03-23,,,,1800.0,18900.0
2023-03-24,,,,1813.5,8810.0
2023-03-27,,,,1797.25,17560.0
2023-03-28,,,,1801.0,12050.0
2023-03-29,,,,1815.0,8680.0
2023-03-30,,,,1833.0,13870.0
2023-03-31,,,,1861.75,9410.0
2023-04-03,,,,1858.5,15940.0
2023-04-04,,,,1898.75,15430.0
2023-04-05,,,,1911.0,29460.0
2023-04-06,,,,1913.75,14290.0
2023-04-11,,,,1929.75,22290.0
2023-04-12,,,,1940.5,21540.0
2023-04-13,,,,1968.5,14340.0
2023-04-14,,,,1945.5,30550.0
2023-04-17,,,,1937.25,59820.0
2023-04-18,,,,1944.0,13690.0
2023-04-19,,,,1943.25,27630.0
2023-04-20,,,,1939.0,4390.0
2023-04-21,,,,1929.25,3980.0
2023-04-24,,,,1929.0,990.0
2023-04-25,,,,1907.75,35500.0
2023-04-26,,,,1917.25,8570.0
2023-04-27,,,,1909.75,9660.0
2023-04-28,,,,1900.25,520.0
2023-05-02,,,,1942.75,10010.0
2023-05-03,,,,1943.25,9840.0
2023-05-04,,,,1971.5,6100.0
2023-05-05,,,,1933.0,8340.0
2023-05-09,,,,1934.25,6970.0
2023-05-10,,,,1923.0,8880.0
2023-05-11,,,,1861.25,43510.0
2023-05-12,,,,1834.75,17720.0
2023-05-15,,,,1839.75,3580.0
2023-05-16,,,,1819.5,2150.0
2023-05-17,,,,1816.75,12930.0
2023-05-18,,,,1804.25,14460.0
2023-05-19,,,,1838.25,9810.0
2023-05-22,,,,1824.75,2420.0
2023-05-23,,,,1805.0,2620.0
2023-05-24,,,,1798.5,4560.0
2023-05-25,,,,1775.75,13120.0
2023-05-26,,,,1796.0,2140.0
2023-05-30,,,,1792.0,11000.0
2023-05-31,,,,1822.0,4690.0
2023-06-01,,,,1823.5,1630.0
2023-06-02,,,,1821.75,1200.0
2023-06-05,,,,1813.0,1510.0
2023-06-06,,,,1810.75,7890.0
2023-06-07,,,,1821.0,4800.0
2023-06-08,,,,1846.5,2970.0
2023-06-09,,,,1856.75,8840.0
2023-06-12,,,,1839.75,650.0
2023-06-13,,,,1807.25,7830.0
2023-06-14,,,,1814.75,680.0
2023-06-15,,,,1783.5,380.0
2023-06-16,,,,1797.75,1040.0
2023-06-19,,,,1796.5,81110.0
2023-06-20,,,,1740.5,202480.0
2023-06-21,,,,1709.5,9290.0
2023-06-22,,,,1684.5,570.0
2023-06-23,,,,1687.0,6740.0
2023-06-26,,,,1719.0,5050.0
2023-06-27,,,,1721.25,
2023-06-28,,,,1729.0,3750.0
2023-06-29,,,,1716.5,51290.0
2023-06-30,,,,1712.5,11730.0
2023-07-03,,,,1732.25,3570.0
2023-07-04,,,,1730.5,
2023-07-05,,,,1747.25,5250.0
2023-07-06,,,,1708.0,12690.0
2023-07-07,,,,1722.75,6700.0
2023-07-10,,,,1719.75,3590.0
2023-07-11,,,,1715.25,14730.0
2023-07-12,,,,1766.25,11070.0
2023-07-13,,,,1807.25,11870.0
2023-07-14,,,,1816.75,8170.0
2023-07-17,,,,1817.25,10490.0
2023-07-18,,,,1839.25,0.0
2023-07-19,,,,1866.5,5500.0
2023-07-20,,,,1853.25,670.0
2023-07-21,,,,1837.75,10.0
2023-07-24,,,,1823.75,
2023-07-25,,,,1837.75,13330.0
2023-07-26,,,,1844.0,
2023-07-27,,,,1800.5,1370.0
2023-07-28,,,,1814.0,2660.0
2023-07-31,,,,1846.5,6550.0
2023-08-01,,,,1816.5,2540.0
2023-08-02,,,,1786.5,630.0
2023-08-03,,,,1781.25,2360.0
2023-08-04,,,,1771.0,5030.0
2023-08-07,,,,1737.0,390.0
2023-08-08,,,,1711.5,18800.0
2023-08-09,,,,1706.0,8010.0
2023-08-10,,,,1712.0,18350.0
2023-08-11,,,,1711.25,15500.0
2023-08-14,,,,1704.75,320.0
2023-08-15,,,,1700.0,11030.0
2023-08-16,,,,1696.75,7920.0
2023-08-17,,,,1703.5,3290.0
2023-08-18,,,,1711.5,1680.0
2023-08-21,,,,1734.75,6000.0
2023-08-22,,,,1757.0,5350.0
2023-08-23,,,,1826.5,8600.0
2023-08-24,,,,1836.25,7400.0
2023-08-25,,,,1834.0,2570.0
2023-08-29,,,,1874.75,30500.0
2023-08-30,,,,1860.0,380.0
2023-08-31,,,,1852.0,3460.0
2023-09-01,,,,1840.75,6710.0
2023-09-04,,,,1820.0,2360.0
2023-09-05,,,,1806.5,1290.0
2023-09-06,,,,1766.75,2910.0
2023-09-07,,,,1759.75,120.0
2023-09-08,,,,1762.0,420.0
2023-09-11,,,,1759.0,1030.0
2023-09-12,,,,1771.5,5750.0
2023-09-13,,,,1756.5,3000.0
2023-09-14,,,,1740.0,31620.0
2023-09-15,,,,1791.75,840.0
2023-09-18,,,,1783.5,670.0
2023-09-19,,,,1788.25,60.0
2023-09-20,,,,1816.75,25100.0
2023-09-21,,,,1809.75,2410.0
2023-09-22,,,,1844.0,27720.0
2023-09-25,,,,1811.25,47310.0
2023-09-26,,,,1801.0,10900.0
2023-09-27,,,,1777.0,38470.0
2023-09-28,,,,1763.5,5920.0
2023-09-29,,,,1759.0,4200.0
2023-10-02,,,,1679.0,13660.0
2023-10-03,,,,1676.0,13070.0
2023-10-04,,,,1651.0,16540.0
2023-10-05,,,,1637.5,6160.0
2023-10-06,,,,1686.25,60820.0
2023-10-09,,,,1710.25,6620.0
2023-10-10,,,,1702.5,13460.0
2023-10-11,,,,1710.5,5180.0
2023-10-12,,,,1707.5,14170.0
2023-10-13,,,,1783.25,15070.0
2023-10-16,,,,1777.25,8210.0
2023-10-17,,,,1792.75,4200.0
2023-10-18,,,,1793.5,15470.0
2023-10-19,,,,1798.0,3440.0
2023-10-20,,,,1862.5,9360.0
2023-10-23,,,,1809.5,5640.0
2023-10-24,,,,1798.5,3500.0
2023-10-25,,,,1791.5,14000.0
2023-10-26,,,,1790.25,3620.0
2023-10-27,,,,1788.75,3040.0
2023-10-30,,,,1841.0,1660.0
2023-10-31,,,,1811.0,1250.0
2023-11-01,,,,1787.75,20.0
2023-11-02,,,,1785.0,4940.0
2023-11-03,,,,1790.5,14500.0
2023-11-06,,,,1778.0,3700.0
2023-11-07,,,,1752.25,32650.0
2023-11-08,,,,1774.0,5340.0
2023-11-09,,,,1787.5,8420.0
2023-11-10,,,,1749.0,8510.0
2023-11-13,,,,1731.25,3270.0
2023-11-14,,,,1770.5,20510.0
2023-11-15,,,,1798.0,8490.0
2023-11-16,,,,1840.75,19460.0
2023-11-17,,,,1826.75,3790.0
2023-11-20,,,,1799.0,270.0
2023-11-21,,,,1818.0,1530.0
2023-11-22,,,,1812.75,1950.0
2023-11-23,,,,1811.25,12410.0
2023-11-24,,,,1840.25,3580.0
2023-11-27,,,,1865.75,12090.0
2023-11-28,,,,1879.75,2790.0
2023-11-29,,,,1882.5,8250.0
2023-11-30,,,,1907.25,21440.0
2023-12-01,,,,1910.25,23190.0
2023-12-04,,,,1853.25,54650.0
2023-12-05,,,,1826.5,24500.0
2023-12-06,,,,1824.0,31980.0
2023-12-07,,,,1807.75,19220.0
2023-12-08,,,,1767.5,50850.0
2023-12-11,,,,1735.5,35180.0
2023-12-12,,,,1731.5,25030.0
2023-12-13,,,,1727.5,26570.0
2023-12-14,,,,1808.0,53660.0
2023-12-15,,,,1810.5,26090.0
2023-12-18,,,,1798.0,10160.0
2023-12-19,,,,1812.25,9050.0
2023-12-20,,,,1837.25,39640.0
2023-12-21,,,,1842.5,17500.0
2023-12-22,,,,1840.5,7490.0
2023-12-27,,,,1820.5,21630.0
2023-12-28,,,,1813.75,58930.0
2023-12-29,,,,1785.0,40360.0
2024-01-02,,,,1806.0,34920.0
2024-01-03,,,,1738.0,96140.0
2024-01-04,,,,1731.75,62190.0
2024-01-05,,,,1748.0,48540.0
2024-01-08,,,,1736.25,37700.0
2024-01-09,,,,1731.5,17660.0
2024-01-10,,,,1717.75,12430.0
2024-01-11,,,,1697.0,37330.0
2024-01-12,,,,1750.5,30610.0
2024-01-15,,,,1744.0,10710.0
2024-01-16,,,,1734.0,8630.0
2024-01-17,,,,1706.25,15290.0
2024-01-18,,,,1709.5,49990.0
2024-01-19,,,,1699.75,19520.0
2024-01-22,,,,1666.0,62540.0
2024-01-23,,,,1686.0,79580.0
2024-01-24,,,,1704.25,21310.0
2024-01-25,,,,1714.25,83010.0
2024-01-26,,,,1710.75,
2024-01-29,,,,1738.0,10360.0
2024-01-30,,,,1739.75,58040.0
2024-01-31,,,,1741.0,8320.0
2024-02-01,,,,1741.0,42860.0
2024-02-02,,,,1710.5,68580.0
2024-02-05,,,,1702.75,49780.0
2024-02-06,,,,1705.25,16880.0
2024-02-07,,,,1696.5,23380.0
2024-02-08,,,,1704.0,22200.0
2024-02-09,,,,1697.25,41110.0
2024-02-12,,,,1715.25,28490.0
2024-02-13,,,,1675.5,31420.0
2024-02-14,,,,1706.0,34490.0
2024-02-15,,,,1733.75,28720.0
2024-02-16,,,,1765.0,72740.0
2024-02-19,,,,1746.5,30910.0
2024-02-20,,,,1741.25,8630.0
2024-02-21,,,,1732.25,21340.0
2024-02-22,,,,1721.5,24660.0
2024-02-23,,,,1722.75,37510.0
2024-02-26,,,,1696.25,46470.0
2024-02-27,,,,1694.75,45610.0
2024-02-28,,,,1692.0,32150.0
2024-02-29,,,,1708.5,54820.0
2024-03-01,,,,1745.75,48240.0
2024-03-04,,,,1787.75,52430.0
2024-03-05,,,,1788.0,90210.0
2024-03-06,,,,1817.0,74640.0
2024-03-07,,,,1826.75,61090.0
2024-03-08,,,,1805.5,24280.0
2024-03-11,,,,1826.0,35030.0
2024-03-12,,,,1811.0,27810.0
2024-03-13,,,,1859.0,62680.0
2024-03-14,,,,1860.25,32450.000000000004
2024-03-15,,,,1905.25,47650.0
2024-03-18,,,,1882.25,32250.0
2024-03-19,,,,1873.25,35070.0
2024-03-20,,,,1872.0,32490.000000000004
2024-03-21,,,,1867.25,96270.0
2024-03-22,,,,1874.5,39750.0
2024-03-25,,,,1870.5,34270.0
2024-03-26,,,,1851.0,39470.0
2024-03-27,,,,1859.25,19640.0
2024-03-28,,,,1877.75,44110.0
2024-04-02,,,,1957.0,64629.99999999999
2024-04-03,,,,2021.5,148340.0
2024-04-04,,,,2048.25,67540.0
2024-04-05,,,,2072.75,115040.0
2024-04-08,,,,2100.0,132080.0
2024-04-09,,,,2096.5,89980.0
2024-04-10,,,,2138.0,106590.0
2024-04-11,,,,2126.0,55310.0
2024-04-12,,,,2228.5,225190.0
2024-04-15,,,,2195.25,100470.0
2024-04-16,,,,2165.75,84120.0
2024-04-17,,,,2194.75,62330.0
2024-04-18,,,,2180.25,42770.0
2024-04-19,,,,2200.25,111900.0
2024-04-22,,,,2108.25,53410.0
2024-04-23,,,,2094.25,107550.0
2024-04-24,,,,2099.75,39740.0
2024-04-25,,,,2091.0,21560.0
2024-04-26,,,,2084.0,44460.0
2024-04-29,,,,2074.0,50490.0
2024-04-30,,,,2018.0,62810.0
2024-05-01,,,,2032.25,44100.0
2024-05-02,,,,2036.0,38600.0
2024-05-03,,,,2002.0,57990.0
2024-05-07,,,,2080.75,81210.0
2024-05-08,,,,2100.25,132810.0
2024-05-09,,,,2149.0,139890.0
2024-05-10,,,,2156.5,111420.0
2024-05-13,,,,2138.5,25250.0
2024-05-14,,,,2164.5,83620.0
2024-05-15,,,,2217.5,80800.0
2024-05-16,,,,2234.75,72620.0
2024-05-17,,,,2302.75,111830.0
2024-05-20,,,,2401.75,276800.0
2024-05-21,,,,2414.75,77730.0
2024-05-22,,,,2354.5,64040.00000000001
2024-05-23,,,,2278.25,110100.0
2024-05-24,,,,2280.0,58140.0
2024-05-28,,,,2384.5,91600.0
2024-05-29,,,,2407.75,69950.0
2024-05-30,,,,2353.0,43630.0
2024-05-31,,,,2289.25,68750.0
2024-06-03,,,,2278.25,60390.0
2024-06-04,,,,2214.0,62680.0
2024-06-05,,,,2232.0,96420.0
2024-06-06,,,,2326.0,65870.0
2024-06-07,,,,2204.5,98290.0
2024-06-10,,,,2223.75,52500.0
2024-06-11,,,,2186.75,38150.0
2024-06-12,,,,2238.75,31810.0
2024-06-13,,,,2171.0,56990.0
2024-06-14,,,,2193.0,43210.0
2024-06-17,,,,2201.5,33020.0
2024-06-18,,,,2206.75,32780.0
2024-06-19,,,,2223.0,24070.0
2024-06-20,,,,2299.5,46750.0
2024-06-21,,,,2245.5,38420.0
2024-06-24,,,,2229.0,21470.0
2024-06-25,,,,2189.25,28770.0
2024-06-26,,,,2187.75,44990.0
2024-06-27,,,,2191.0,28270.0
2024-06-28,,,,2212.25,27200.0
2024-07-01,,,,2212.0,58600.0
2024-07-02,,,,2232.5,25250.0
2024-07-03,,,,2284.75,39460.0
2024-07-04,,,,2274.25,25960.0
2024-07-05,,,,2325.25,96370.0
2024-07-08,,,,2310.25,32450.000000000004
2024-07-09,,,,2285.75,18600.0
2024-07-10,,,,2301.75,41690.0
2024-07-11,,,,2338.25,42910.0
2024-07-12,,,,2274.5,41360.0
2024-07-15,,,,2280.0,41320.0
2024-07-16,,,,2309.0,61000.0
2024-07-17,,,,2225.75,58550.0
2024-07-18,,,,2219.5,62030.0
2024-07-19,,,,2161.0,60370.0
2024-07-22,,,,2140.5,52120.0
2024-07-23,,,,2151.75,25780.0
2024-07-24,,,,2172.75,30940.0
2024-07-25,,,,2069.25,85860.0
2024-07-26,,,,2064.5,94570.0
2024-07-29,,,,2040.5,61750.0
2024-07-30,,,,2083.5,98690.0
2024-07-31,,,,2137.25,29890.0
2024-08-01,,,,2135.75,102420.0
2024-08-02,,,,2104.25,178340.0
2024-08-05,,,,2042.0,138640.0
2024-08-06,,,,2035.0,47200.0
2024-08-07,,,,2027.75,68600.0
2024-08-08,,,,2055.5,79640.0
2024-08-09,,,,2051.5,27760.0
2024-08-12,,,,2079.25,42530.0
2024-08-13,,,,2057.5,51390.0
2024-08-14,,,,2046.25,52210.0
2024-08-15,,,,2108.75,81780.0
2024-08-16,,,,2099.25,27820.0
2024-08-19,,,,2167.0,99310.0
2024-08-20,,,,2165.25,70240.0
2024-08-21,,,,2160.25,86480.0
2024-08-22,,,,2115.0,146190.0
2024-08-23,,,,2157.5,24270.0
2024-08-27,,,,2164.75,97210.0
2024-08-28,,,,2123.75,28300.0
2024-08-29,,,,2140.25,14480.0
2024-08-30,,,,2101.0,77180.0
2024-09-02,,,,2070.75,45420.0
2024-09-03,,,,2037.0,84460.0
2024-09-04,,,,2049.0,56510.0
2024-09-05,,,,2092.0,36820.0
2024-09-06,,,,2077.0,73170.0
2024-09-09,,,,2053.0,83540.0
2024-09-10,,,,2072.75,45150.0
2024-09-11,,,,2088.75,63730.0
2024-09-12,,,,2166.5,71240.0
2024-09-13,,,,2226.75,166360.0
2024-09-16,,,,2223.75,109200.0
2024-09-17,,,,2228.25,75250.0
2024-09-18,,,,2202.25,36710.0
2024-09-19,,,,2224.25,84750.0
2024-09-20,,,,2233.5,78950.0
2024-09-23,,,,2208.75,150220.0
2024-09-24,,,,2259.5,89590.0
2024-09-25,,,,2280.5,146090.0
2024-09-26,,,,2293.0,166580.0
2024-09-27,,,,2265.0,84390.0
2024-09-30,,,,2216.5,68710.0
2024-10-01,,,,2276.0,72100.0
2024-10-02,,,,2279.25,80020.0
2024-10-03,,,,2322.5,86710.0
2024-10-04,,,,2364.25,135210.0
2024-10-07,,,,2311.5,142850.0
2024-10-08,,,,2208.0,141360.0
2024-10-09,,,,2232.25,206500.0
2024-10-10,,,,2259.75,77250.0
2024-10-11,,,,2306.0,122880.0
2024-10-14,,,,2271.5,55720.0
2024-10-15,,,,2300.0,74940.0
2024-10-16,,,,2336.25,73960.0
2024-10-17,,,,2329.25,51620.0
2024-10-18,,,,2386.75,69320.0
2024-10-21,,,,2472.5,242960.0
2024-10-22,,,,2549.5,149980.0
2024-10-23,,,,2477.0,126000.0
2024-10-24,,,,2479.25,90620.0
2024-10-25,,,,2501.0,97450.0
2024-10-28,,,,2489.0,112210.0
2024-10-29,,,,2518.0,164510.0
2024-10-30,,,,2485.25,97180.0
2024-10-31,,,,2424.0,105480.0
2024-11-01,,,,2403.5,66750.0
2024-11-04,,,,2393.0,56980.0
2024-11-05,,,,2397.75,23880.0
2024-11-06,,,,2309.5,116260.0
2024-11-07,,,,2326.75,33340.0
2024-11-08,,,,2317.75,31840.0
2024-11-11,,,,2261.0,38340.0
2024-11-12,,,,2294.25,147970.0
2024-11-13,,,,2305.0,58860.0
2024-11-14,,,,2289.5,73860.0
2024-11-15,,,,2295.75,63100.0
2024-11-18,,,,2352.75,45450.0
2024-11-19,,,,2344.5,73470.0
2024-11-20,,,,2350.0,34030.0
2024-11-21,,,,2335.75,39650.0
2024-11-22,,,,2377.0,168060.0
2024-11-25,,,,2292.0,67290.0
2024-11-26,,,,2315.5,27320.0
2024-11-27,,,,2271.5,70560.0
2024-11-28,,,,2280.0,93370.0
2024-11-29,,,,2307.25,42120.0
2024-12-02,,,,2297.75,43100.0
2024-12-03,,,,2335.0,20640.0
2024-12-04,,,,2358.75,78450.0
2024-12-05,,,,2335.0,38840.0
2024-12-06,,,,2339.0,21170.0
2024-12-09,,,,2394.5,48280.0
2024-12-10,,,,2389.5,62750.0
2024-12-11,,,,2406.0,71470.0
2024-12-12,,,,2329.25,60930.0
2024-12-13,,,,2303.0,43990.0
2024-12-16,,,,2295.5,19530.0
2024-12-17,,,,2285.5,17630.0
2024-12-18,,,,2269.5,18420.0
2024-12-19,,,,2195.5,91290.0
2024-12-20,,,,2233.0,78480.0
2024-12-23,,,,2255.0,25520.0
2024-12-24,,,,2246.25,20030.0
2024-12-27,,,,2235.75,6470.0
2024-12-30,,,,2199.0,7090.0
2024-12-31,,,,2199.25,10120.0
2025-01-02,,,,2276.5,53400.0
2025-01-03,,,,2287.25,30620.0
2025-01-06,,,,2296.75,71840.0
2025-01-07,,,,2300.25,14610.0
2025-01-08,,,,2329.75,30400.0
2025-01-09,,,,2344.75,36940.0
2025-01-10,,,,2379.75,170330.0
2025-01-13,,,,2326.0,69850.0
2025-01-14,,,,2344.75,20740.0
2025-01-15,,,,2372.0,62690.0
2025-01-16,,,,2401.75,58980.0
2025-01-17,,,,2379.25,86110.0
2025-01-20,,,,2368.75,25300.0
2025-01-21,,,,2378.25,68280.0
2025-01-22,,,,2380.25,29610.0
2025-01-23,,,,2344.25,32770.0
2025-01-24,,,,2349.75,81950.0
2025-01-27,,,,2310.75,31830.0
2025-01-28,,,,2324.75,19560.0
2025-01-29,,,,2366.75,90330.0
2025-01-30,,,,2419.75,166460.0
2025-01-31,,,,2415.75,131900.0
2025-02-03,,,,2432.0,254940.0
2025-02-04,,,,2468.5,199910.0
2025-02-05,,,,2472.0,318310.0
2025-02-06,,,,2468.25,87800.0
2025-02-07,,,,2476.0,111480.0
2025-02-10,,,,2472.5,74070.0
2025-02-11,,,,2453.25,120540.0
2025-02-12,,,,2471.5,43480.0
2025-02-13,,,,2451.75,64090.0
2025-02-14,,,,2458.0,351440.0
2025-02-17,,,,2444.0,66620.0
2025-02-18,,,,2482.5,149760.0
2025-02-19,,,,2478.0,112050.0
2025-02-20,,,,2493.0,135900.0
2025-02-21,,,,2466.75,85050.0
2025-02-24,,,,2438.5,92310.0
2025-02-25,,,,2363.75,187570.0
2025-02-26,,,,2395.75,57180.0
2025-02-27,,,,2371.75,69260.0
2025-02-28,,,,2351.75,100020.0
2025-03-03,,,,2380.25,90830.0
2025-03-04,,,,2373.5,64489.99999999999
2025-03-05,,,,2414.25,116750.0
2025-03-06,,,,2420.25,51010.0
2025-03-07,,,,2385.5,70940.0
2025-03-10,,,,2381.25,104210.0
2025-03-11,,,,2414.75,79750.0
2025-03-12,,,,2442.0,86850.0
2025-03-13,,,,2495.75,216980.0
2025-03-14,,,,2486.5,106530.0
2025-03-17,,,,2476.5,75690.0
2025-03-18,,,,2502.0,171480.0
2025-03-19,,,,2471.0,98630.0
2025-03-20,,,,2457.25,91090.0
2025-03-21,,,,2438.75,186310.0
2025-03-24,,,,2440.25,49370.0
2025-03-25,,,,2478.5,43040.0
2025-03-26,,,,2493.25,85890.0
2025-03-27,,,,2528.0,144980.0
2025-03-28,,,,2510.0,183370.0
2025-03-31,,,,2505.0,122040.0
2025-04-01,,,,2494.25,151880.0
2025-04-02,,,,2498.0,188080.0
2025-04-03,,,,2325.0,282190.0
2025-04-04,,,,2205.0,361520.0
2025-04-07,,,,2239.75,312440.0
2025-04-08,,,,2255.25,122600.0
2025-04-09,,,,2266.25,141160.0
2025-04-10,,,,2289.75,143760.0
2025-04-11,,,,2347.75,193030.0
2025-04-14,,,,2324.75,245190.0
2025-04-15,,,,2324.5,109090.0
2025-04-16,,,,2367.75,148640.0
2025-04-17,,,,2318.5,100190.0
2025-04-22,,,,2340.5,251700.0
2025-04-23,,,,2398.5,183400.0
2025-04-24,,,,2392.0,104340.0
2025-04-25,,,,2359.75,105390.0
2025-04-28,,,,2358.5,81420.0
2025-04-29,,,,2356.75,120040.0
2025-04-30,,,,2343.25,164170.0
2025-05-01,,,,2321.25,65860.0
2025-05-02,,,,2301.25,83760.0
2025-05-06,,,,2369.0,101070.0
2025-05-07,,,,2329.25,68220.0
2025-05-08,,,,2341.25,48890.0
2025-05-09,,,,2343.0,43660.0
2025-05-12,,,,2353.0,95150.0
2025-05-13,,,,2364.75,170000.0
2025-05-14,,,,2314.25,146000.0
2025-05-15,,,,2328.5,60490.0
2025-05-16,,,,2305.0,45040.0
2025-05-19,,,,2310.0,45920.0
2025-05-20,,,,2345.25,68240.0
2025-05-21,,,,2374.25,91270.0
2025-05-22,,,,2342.5,211810.0
2025-05-23,,,,2354.25,68080.0
2025-05-27,,,,2332.75,69980.0
2025-05-28,,,,2338.25,81030.0
2025-05-29,,,,2350.25,67660.0
2025-05-30,,,,2334.5,85990.0
2025-06-02,,,,2420.5,197180.0
2025-06-03,,,,2431.5,162310.0
2025-06-04,,,,2419.75,113840.0
2025-06-05,,,,2504.0,467040.0
2025-06-06,,,,2540.0,435800.0
2025-06-09,,,,2580.0,156200.0
2025-06-10,,,,2575.0,367070.0
2025-06-11,,,,2555.0,235130.0
2025-06-12,,,,2546.0,160760.0
2025-06-13,,,,2542.5,117030.0
2025-06-16,,,,2554.0,132790.0
2025-06-17,,,,2627.0,217040.0
2025-06-18,,,,2614.0,202360.0
2025-06-19,,,,2580.0,60340.0
2025-06-20,,,,2541.0,121640.0
2025-06-23,,,,2563.0,113380.0
2025-06-24,,,,2497.25,119760.0
2025-06-25,,,,2517.0,49940.0
2025-06-26,,,,2541.0,92160.0
2025-06-27,,,,2512.0,82360.0
2025-06-30,,,,2502.5,198320.0
2025-07-01,,,,2512.0,238070.0
2025-07-02,,,,2552.0,144990.0
2025-07-03,,,,2569.0,361790.0
2025-07-04,,,,2578.0,70780.0
2025-07-07,,,,2558.0,172340.0
2025-07-08,,,,2561.0,163380.0
2025-07-09,,,,2555.5,83330.0
2025-07-10,,,,2588.0,815720.0
2025-07-11,,,,2706.0,318240.0
2025-07-14,,,,2716.0,277850.0
2025-07-15,,,,2681.0,196200.0
2025-07-16,,,,2689.0,203660.0
2025-07-17,,,,2702.0,114270.0
2025-07-18,,,,2711.0,163730.0
2025-07-21,,,,2750.0,236070.0
2025-07-22,,,,2763.0,294700.0
2025-07-23,,,,2777.0,199440.0
2025-07-24,,,,2750.0,109490.0
2025-07-25,,,,2706.0,92070.0
2025-07-28,,,,2715.0,102500.0
2025-07-29,,,,2721.0,161180.0
2025-07-30,,,,2692.0,121120.0
2025-07-31,,,,2638.0,360430.0
2025-08-01,,,,2656.0,130870.0
2025-08-04,,,,2680.0,67390.0
2025-08-05,,,,2710.0,94740.0
2025-08-06,,,,2702.0,66640.0
2025-08-07,,,,2714.0,290730.0
2025-08-08,,,,2720.0,112780.0
2025-08-11,,,,2682.0,82940.0
2025-08-12,,,,2681.0,54060.0
2025-08-13,,,,2700.0,78170.0
2025-08-14,,,,2677.0,57130.0
2025-08-15,,,,2668.0,66080.0
2025-08-18,,,,2685.0,35200.0
2025-08-19,,,,2646.0,47560.0
2025-08-20,,,,2672.0,146080.0
2025-08-21,,,,2708.0,52070.0
2025-08-22,,,,2747.0,156390.0
2025-08-26,,,,2725.0,146610.0
2025-08-27,,,,2721.0,88620.0
2025-08-28,,,,2739.0,162900.0
2025-08-29,,,,2782.0,172440.0
2025-09-01,,,,2862.0,168050.0
2025-09-02,,,,2909.0,335330.0
2025-09-03,,,,2921.0,259470.00000000003
2025-09-04,,,,2889.0,272540.0
2025-09-05,,,,2886.0,421660.0
2025-09-08,,,,2908.0,213690.0
2025-09-09,,,,2884.0,170260.0
2025-09-10,,,,2895.0,173460.0
2025-09-11,,,,2909.0,162050.0
2025-09-12,,,,2968.0,198870.0
2025-09-15,,,,2976.0,160120.0
2025-09-16,,,,2964.0,217970.0
2025-09-17,,,,2935.0,366060.0
2025-09-18,,,,2928.0,144600.0
2025-09-19,,,,3018.0,167140.0
2025-09-22,,,,3094.0,364290.0
2025-09-23,,,,3127.0,372410.0
2025-09-24,,,,3123.0,198070.0
2025-09-25,,,,3201.0,334490.0
2025-09-26,,,,3261.0,312270.0
2025-09-29,,,,3328.0,587430.0
2025-09-30,,,,3283.0,442860.0
2025-10-01,,,,3344.0,414590.0
2025-10-02,,,,3286.0,635770.0
2025-10-03,,,,3418.0,292040.0
2025-10-06,,,,3438.0,349200.0
2025-10-07,,,,3410.5,376350.0
2025-10-08,,,,3508.0,383260.0
2025-10-09,,,,3622.0,876860.0
2025-10-10,,,,3575.5,716300.0
2025-10-13,,,,3683.0,633370.0
2025-10-14,,,,3710.0,920220.0
2025-10-15,,,,3742.0,645450.0
2025-10-16,,,,3829.0,807010.0
2025-10-17,,,,3700.0,1160000.0
2025-10-20,,,,3722.0,546350.0
2025-10-21,,,,3466.0,1680000.0
2025-10-22,,,,3435.0,954470.0
2025-10-23,,,,3527.0,411540.0
2025-10-24,,,,3495.0,384550.0
2025-10-27,,,,3334.0,642890.0
2025-10-28,,,,3377.5,718480.0
2025-10-29,,,,3477.0,478320.0
2025-10-30,,,,3534.5,495240.0
2025-10-31,,,,3525.0,366170.0
2025-11-03,,,,3498.0,204090.0
2025-11-04,,,,3488.0,289730.0
2025-11-05,,,,3508.0,208120.0
2025-11-06,,,,3486.0,311540.0
2025-11-07,,,,3513.0,467670.0
2025-11-10,,,,3624.0,518410.0
2025-11-11,,,,3665.0,566680.0
2025-11-12,,,,3860.0,779930.0
2025-11-13,,,,3835.0,1360000.0
2025-11-14,,,,3718.0,1220000.0
2025-11-17,,,,3680.0,319120.0
2025-11-18,,,,3674.0,441320.0
2025-11-19,,,,3723.0,1050000.0
2025-11-20,,,,3692.0,800750.0
2025-11-21,,,,3633.0,1230000.0
2025-11-24,,,,3668.0,432720.0
2025-11-25,,,,3690.0,941070.0
2025-11-26,,,,3809.0,792290.0
2025-11-27,,,,3832.0,669400.0
2025-11-28,,,,4002.0,536250.0
2025-12-01,,,,4206.0,1370000.0
2025-12-02,,,,4158.0,1120000.0
2025-12-03,,,,4195.0,624630.0
2025-12-04,,,,4072.0,893350.0
2025-12-05,,,,4161.0,865980.0
2025-12-08,,,,4150.0,565030.0
2025-12-09,5585.64013671875,5585.64013671875,5585.64013671875,5585.64013671875,0.0
2025-12-10,5814.72998046875,5814.72998046875,5814.72998046875,5814.72998046875,0.0
2025-12-11,5917.58984375,5917.58984375,5917.58984375,5917.58984375,0.0
2025-12-12,6145.72021484375,6145.72021484375,6145.72021484375,6145.72021484375,0.0
2025-12-15,6084.64990234375,6084.64990234375,6084.64990234375,6084.64990234375,0.0
2025-12-16,5999.830078125,5999.830078125,5999.830078125,5999.830078125,0.0
2025-12-17,6282.259765625,6282.259765625,6282.259765625,6282.259765625,0.0
2025-12-18,6315.56005859375,6315.56005859375,6315.56005859375,6315.56005859375,0.0
2025-12-19,6266.93994140625,6266.93994140625,6266.93994140625,6266.93994140625,0.0
2025-12-22,6594.06005859375,6594.06005859375,6594.06005859375,6594.06005859375,0.0
2025-12-23,6643.56005859375,6643.56005859375,6643.56005859375,6643.56005859375,0.0
2025-12-24,6875.97021484375,6875.97021484375,6875.97021484375,6875.97021484375,0.0
2025-12-29,7109.6298828125,7109.6298828125,7109.6298828125,7109.6298828125,0.0
2025-12-30,7128.64990234375,7128.64990234375,7128.64990234375,7128.64990234375,0.0
2025-12-31,6857.60009765625,6857.60009765625,6857.60009765625,6857.60009765625,0.0
2026-01-02,7069.490234375,7069.490234375,7069.490234375,7069.490234375,0.0
2026-01-05,7150.81005859375,7150.81005859375,7150.81005859375,7150.81005859375,0.0
2026-01-06,7475.10986328125,7475.10986328125,7475.10986328125,7475.10986328125,0.0
2026-01-07,7523.64990234375,7523.64990234375,7523.64990234375,7523.64990234375,0.0
2026-01-08,7163.5498046875,7163.5498046875,7163.5498046875,7163.5498046875,0.0
2026-01-09,7443.06982421875,7443.06982421875,7443.06982421875,7443.06982421875,0.0
2026-01-12,8007.7900390625,8007.7900390625,8007.7900390625,8007.7900390625,0.0
2026-01-13,8174.43017578125,8174.43017578125,8174.43017578125,8174.43017578125,0.0
2026-01-14,8676.830078125,8676.830078125,8676.830078125,8676.830078125,0.0
2026-01-15,8692.9697265625,8692.9697265625,8692.9697265625,8692.9697265625,0.0
2026-01-16,8648.6298828125,8648.6298828125,8648.6298828125,8648.6298828125,0.0
2026-01-19,8858.5,8858.5,8858.5,8858.5,0.0
2026-01-20,9115.1396484375,9115.1396484375,9115.1396484375,9115.1396484375,0.0
2026-01-21,9034.6103515625,9034.6103515625,9034.6103515625,9034.6103515625,0.0
2026-01-22,8894.1103515625,8894.1103515625,8894.1103515625,8894.1103515625,0.0
2026-01-23,9429.349609375,9429.349609375,9429.349609375,9429.349609375,0.0
2026-01-26,10439.259765625,10439.259765625,10439.259765625,10439.259765625,0.0
2026-01-27,10625.8798828125,10625.8798828125,10625.8798828125,10625.8798828125,0.0
2026-01-28,10742.9697265625,10742.9697265625,10742.9697265625,10742.9697265625,0.0
2026-01-29,11281.509765625,11281.509765625,11281.509765625,11281.509765625,0.0
2026-01-30,9828.0498046875,9828.0498046875,9828.0498046875,9828.0498046875,0.0
2026-02-02,7807.35009765625,7807.35009765625,7807.35009765625,7807.35009765625,0.0
2026-02-03,8332.5595703125,8332.5595703125,8332.5595703125,8332.5595703125,0.0
2026-02-04,8627.75,8627.75,8627.75,8627.75,0.0
2026-02-05,7496.259765625,7496.259765625,7496.259765625,7496.259765625,0.0
2026-02-06,7137.169921875,7137.169921875,7137.169921875,7137.169921875,0.0
2026-02-09,7653.22998046875,7653.22998046875,7653.22998046875,7653.22998046875,0.0
2026-02-10,7836.0400390625,7836.0400390625,7836.0400390625,7836.0400390625,0.0
2026-02-11,8199.7900390625,8199.7900390625,8199.7900390625,8199.7900390625,0.0
2026-02-12,7953.56005859375,7953.56005859375,7953.56005859375,7953.56005859375,0.0
2026-02-13,7366.39013671875,7366.39013671875,7366.39013671875,7366.39013671875,0.0
2026-02-16,7341.509765625,7341.509765625,7341.509765625,7341.509765625,0.0
2026-02-17,7108.6201171875,7108.6201171875,7108.6201171875,7108.6201171875,0.0
2026-02-18,7185.240234375,7185.240234375,7185.240234375,7185.240234375,0.0
2026-02-19,7404.22998046875,7404.22998046875,7404.22998046875,7404.22998046875,0.0
2026-02-20,7666.5498046875,7666.5498046875,7666.5498046875,7666.5498046875,0.0
2026-02-23,8279.2099609375,8279.2099609375,8279.2099609375,8279.2099609375,0.0
2026-02-24,8390.1103515625,8390.1103515625,8390.1103515625,8390.1103515625,0.0
2026-02-25,8637.650390625,8637.650390625,8637.650390625,8637.650390625,0.0
2026-02-26,8230.5,8230.5,8230.5,8230.5,0.0
2026-02-27,8568.0400390625,8568.0400390625,8568.0400390625,8568.0400390625,0.0
2026-03-02,9010.2900390625,9010.2900390625,9010.2900390625,9010.2900390625,0.0
2026-03-03,7742.31005859375,7742.31005859375,7742.31005859375,7742.31005859375,0.0
2026-03-04,8264.099609375,8264.099609375,8264.099609375,8264.099609375,0.0
2026-03-05,8019.330078125,8019.330078125,8019.330078125,8019.330078125,0.0
2026-03-06,7840.740234375,7840.740234375,7840.740234375,7840.740234375,0.0
2026-03-09,7945.830078125,7945.830078125,7945.830078125,7945.830078125,0.0
2026-03-10,8429.509765625,8429.509765625,8429.509765625,8429.509765625,0.0
2026-03-11,8210.9296875,8210.9296875,8210.9296875,8210.9296875,0.0
2026-03-12,8287.0595703125,8287.0595703125,8287.0595703125,8287.0595703125,0.0
2026-03-13,7969.4501953125,7969.4501953125,7969.4501953125,7969.4501953125,0.0
2026-03-16,7517.02978515625,7517.02978515625,7517.02978515625,7517.02978515625,0.0
2026-03-17,7637.919921875,7637.919921875,7637.919921875,7637.919921875,0.0
2026-03-18,7484.10009765625,7484.10009765625,7484.10009765625,7484.10009765625,0.0
2026-03-19,6636.6201171875,6636.6201171875,6636.6201171875,6636.6201171875,0.0
2026-03-20,6890.81982421875,6890.81982421875,6890.81982421875,6890.81982421875,0.0
2026-03-23,6401.2998046875,6401.2998046875,6401.2998046875,6401.2998046875,0.0
2026-03-24,6662.14990234375,6662.14990234375,6662.14990234375,6662.14990234375,0.0
2026-03-25,6966.7900390625,6966.7900390625,6966.7900390625,6966.7900390625,0.0
2026-03-26,6406.89990234375,6406.89990234375,6406.89990234375,6406.89990234375,0.0
2026-03-27,6454.9501953125,6454.9501953125,6454.9501953125,6454.9501953125,0.0
2026-03-30,5054.0,5163.0,5034.3701171875,5129.0,326105.0
2026-03-31,5195.0,5325.66015625,5171.69287109375,5317.0,373465.0
2026-04-01,5388.0,5407.30615234375,5310.29296875,5402.0,519473.0
2026-04-02,5100.0,5251.39990234375,5016.509765625,5183.0,670461.0
2026-04-07,5183.0,5243.56005859375,5022.0,5109.0,391501.0
2026-04-08,5465.0,5478.27978515625,5292.0517578125,5342.0,490066.0
2026-04-09,5254.0,5368.0,5236.05615234375,5368.0,296370.0
2026-04-10,5350.0,5427.251953125,5310.0,5398.0,223240.0
2026-04-13,5293.0,5306.0,5209.68310546875,5228.5,400072.0
2026-04-14,5457.0,5559.10400390625,5412.7529296875,5550.0,641788.0
2026-04-15,5566.0,5647.501953125,5500.0,5547.0,492781.0
2026-04-16,5635.0,5636.39990234375,5486.60205078125,5534.0,305147.0
2026-04-17,5545.0,5822.0,5538.30615234375,5784.0,547877.0
2026-04-20,5627.0,5659.27978515625,5570.39990234375,5618.0,305396.0
2026-04-21,5556.0,5583.0,5404.6201171875,5425.0,360605.0
2026-04-22,5532.0,5538.0,5462.60107421875,5496.0,248967.0
2026-04-23,5366.0,5428.7900390625,5235.39990234375,5374.0,342340.0
2026-04-24,5274.0,5374.5048828125,5268.3681640625,5341.0,244271.0
2026-04-27,5335.0,5340.0,5244.39990234375,5278.0,204946.0
2026-04-28,5180.0,5195.35986328125,5089.56103515625,5130.0,309613.0
2026-04-29,5182.0,5183.119140625,5034.623046875,5055.0,411590.0
2026-04-30,5154.0,5203.546875,5123.48583984375,5138.0,283942.0
2026-05-01,5140.0,5365.0,5110.375,5311.0,348309.0
2026-05-05,5157.0,5209.375,5150.0,5164.0,205845.0
2026-05-06,5316.0,5437.47216796875,5300.0,5409.0,167988.0
2026-05-07,5517.0,5738.0,5510.06591796875,5683.0,423339.0
2026-05-08,5628.0,5697.0,5561.9130859375,5602.0,334629.0
2026-05-11,5646.0,5997.0,5600.75,5969.0,696628.0
2026-05-12,5911.0,6008.3798828125,5854.0,5908.0,463782.0
2026-05-13,6088.0,6237.0,6066.00390625,6229.0,993712.0
2026-05-14,6125.0,6166.25,5912.8818359375,6016.0,607810.0
2026-05-15,5613.0,5649.4111328125,5409.68994140625,5460.0,758448.0
2026-05-18,5427.0,5554.93115234375,5376.52783203125,5441.0,819309.0
2026-05-19,5412.0,5430.36279296875,5199.56298828125,5279.0,610463.0
2026-05-20,5344.0,5419.91796875,5299.498046875,5380.0,222460.0
2026-05-21,5311.0,5370.0,5291.39990234375,5350.0,684706.0
2026-05-22,5407.0,5407.662109375,5318.89990234375,5373.0,438371.0
2026-05-26,5409.0,5415.8798828125,5333.73779296875,5386.0,757321.0
2026-05-27,5318.0,5346.26708984375,5208.0,5282.0,895446.0
2026-05-28,5205.0,5303.0,5164.623046875,5303.0,659445.0
2026-05-29,5367.0,5409.080078125,5285.44189453125,5359.0,444480.0
2026-06-01,5329.0,5392.35791015625,5239.0,5312.0,319100.0
2026-06-02,5426.0,5437.69677734375,5323.0,5363.0,356651.0
2026-06-03,5263.0,5291.0,5186.7001953125,5200.0,663665.0
2026-06-04,5187.0,5305.3349609375,5174.0,5225.0,250004.0
2026-06-05,5142.0,5189.72412109375,4885.0,4899.0,587931.0
2026-06-08,4779.0,4914.0,4763.798828125,4893.0,370295.0
2026-06-09,4869.0,4898.0,4637.0,4663.0,227331.0
2026-06-10,4615.0,4664.7001953125,4505.0,4607.0,332950.0
2026-06-11,4559.0,4595.3310546875,4479.0,4559.0,196835.0
2026-06-12,4719.0,4823.7001953125,4683.0,4800.0,377760.0
2026-06-15,4966.0,5052.1591796875,4958.4541015625,5006.0,275108.0
2026-06-16,4949.0,5041.09912109375,4930.25,4960.0,245312.0
2026-06-17,4990.0,5031.18408203125,4932.0,5015.0,211501.0
2026-06-18,4925.0,4939.43994140625,4744.65283203125,4754.0,466945.0
2026-06-19,4669.0,4706.6318359375,4618.7001953125,4653.0,303985.0
2026-06-22,4793.0,4806.0,4721.0,4726.0,143044.0
2026-06-23,4484.0,4514.7001953125,4440.0,4475.0,273452.0
2026-06-24,4465.0,4469.0,4199.55810546875,4266.0,396243.0
2026-06-25,4106.0,4262.0,4085.4599609375,4195.0,462991.0
2026-06-26,4197.0,4284.7001953125,4151.46484375,4265.0,308174.0
