Date,Open,High,Low,Close
2007-09-07,,,,2827.0
2007-09-10,,,,2739.8
2007-09-11,,,,2817.4
2007-09-12,,,,2814.0
2007-09-13,,,,2846.0
2007-09-14,,,,2822.3
2007-09-17,,,,2790.0
2007-09-18,,,,2871.8
2007-09-19,,,,2986.3
2007-09-20,,,,2927.9
2007-09-21,,,,2929.1
2007-09-24,,,,2925.1
2007-09-25,,,,2910.6
2007-09-26,,,,2932.9
2007-09-27,,,,2947.9
2007-09-28,,,,2936.9
2007-10-01,,,,2954.0
2007-10-02,,,,2958.5
2007-10-03,,,,2964.3
2007-10-04,,,,2966.9
2007-10-05,,,,2984.3
2007-10-08,,,,2969.8
2007-10-09,,,,2989.6
2007-10-10,,,,2994.5
2007-10-11,,,,3034.8
2007-10-12,,,,3036.0
2007-10-15,,,,3009.1
2007-10-16,,,,2985.3
2007-10-17,,,,3000.8
2007-10-18,,,,2987.8
2007-10-19,,,,2958.5
2007-10-22,,,,2925.8
2007-10-23,,,,2949.9
2007-10-24,,,,2928.0
2007-10-25,,,,2971.9
2007-10-26,,,,3001.3
2007-10-29,,,,3017.7
2007-10-30,,,,2997.7
2007-10-31,,,,3017.6
2007-11-01,,,,2961.8
2007-11-02,,,,2947.7
2007-11-05,,,,2928.0
2007-11-06,,,,2946.3
2007-11-07,,,,2932.8
2007-11-08,,,,2906.6
2007-11-09,,,,2874.4
2007-11-12,,,,2896.8
2007-11-13,,,,2897.7
2007-11-14,,,,2945.9
2007-11-15,,,,2920.0
2007-11-16,,,,2898.5
2007-11-19,,,,2833.9
2007-11-20,,,,2870.6
2007-11-21,,,,2816.6
2007-11-22,,,,2833.6
2007-11-23,,,,2882.3
2007-11-26,,,,2858.2
2007-11-27,,,,2842.7
2007-11-28,,,,2897.8
2007-11-29,,,,2925.2
2007-11-30,,,,2953.0
2007-12-03,,,,2925.2
2007-12-04,,,,2910.6
2007-12-05,,,,2984.0
2007-12-06,,,,2982.7
2007-12-07,,,,3009.1
2007-12-10,,,,3014.1
2007-12-11,,,,3008.9
2007-12-12,,,,3007.8
2007-12-13,,,,2927.7
2007-12-14,,,,2934.3
2007-12-17,,,,2878.8
2007-12-18,,,,2877.4
2007-12-19,,,,2888.3
2007-12-20,,,,2915.8
2007-12-21,,,,2951.0
2007-12-24,,,,2968.9
2007-12-27,,,,2995.0
2007-12-28,,,,3008.0
2007-12-31,,,,2986.4
2008-01-02,,,,2991.6
2008-01-03,,,,2998.6
2008-01-04,,,,2947.6
2008-01-07,,,,2934.4
2008-01-08,,,,2955.2
2008-01-09,,,,2934.9
2008-01-10,,,,2903.6
2008-01-11,,,,2903.4
2008-01-14,,,,2930.4
2008-01-15,,,,2839.3
2008-01-17,,,,2756.8
2008-01-18,,,,2746.1
2008-01-22,,,,2618.4
2008-01-23,,,,2556.8
2008-01-24,,,,2690.9
2008-01-25,,,,2679.8
2008-01-28,,,,2653.1
2008-01-29,,,,2698.1
2008-01-30,,,,2681.5
2008-01-31,,,,2689.1
2008-02-01,,,,2765.9
2008-02-04,,,,2756.6
2008-02-05,,,,2661.4
2008-02-06,,,,2676.9
2008-02-07,,,,2622.3
2008-02-08,,,,2629.5
2008-02-11,,,,2607.4
2008-02-12,,,,2691.3
2008-02-13,,,,2687.1
2008-02-14,,,,2690.1
2008-02-15,,,,2656.1
2008-02-18,,,,2716.6
2008-02-19,,,,2740.1
2008-02-20,,,,2701.3
2008-02-21,,,,2736.6
2008-02-25,,,,2789.8
2008-02-26,,,,2787.9
2008-02-27,,,,2798.4
2008-02-28,,,,2761.8
2008-02-29,,,,2723.5
2008-03-03,,,,2697.3
2008-03-04,,,,2663.6
2008-03-05,,,,2709.3
2008-03-06,,,,2672.1
2008-03-07,,,,2636.5
2008-03-10,,,,2602.6
2008-03-11,,,,2633.1
2008-03-12,,,,2676.3
2008-03-13,,,,2647.1
2008-03-14,,,,2630.4
2008-03-17,,,,2562.1
2008-03-18,,,,2639.4
2008-03-19,,,,2627.3
2008-03-25,,,,2682.5
2008-03-26,,,,2690.3
2008-03-27,,,,2720.6
2008-03-28,,,,2724.6
2008-03-31,,,,2732.0
2008-04-01,,,,2803.1
2008-04-02,,,,2823.5
2008-04-03,,,,2806.8
2008-04-04,,,,2822.9
2008-04-07,,,,2858.4
2008-04-08,,,,2853.8
2008-04-09,,,,2847.4
2008-04-10,,,,2834.6
2008-04-11,,,,2806.5
2008-04-14,,,,2767.6
2008-04-15,,,,2804.8
2008-04-16,,,,2859.8
2008-04-17,,,,2830.4
2008-04-18,,,,2852.4
2008-04-22,,,,2852.8
2008-04-23,,,,2874.6
2008-04-24,,,,2856.5
2008-04-25,,,,2859.4
2008-04-28,,,,2866.3
2008-04-29,,,,2873.8
2008-04-30,,,,2876.6
2008-05-01,,,,2863.3
2008-05-02,,,,2909.3
2008-05-06,,,,2911.5
2008-05-07,,,,2937.4
2008-05-08,,,,2941.6
2008-05-09,,,,2916.5
2008-05-12,,,,2926.0
2008-05-13,,,,2938.9
2008-05-14,,,,2955.8
2008-05-15,,,,2967.9
2008-05-16,,,,2987.6
2008-05-19,,,,3014.5
2008-05-20,,,,2953.0
2008-05-21,,,,2962.0
2008-05-22,,,,2942.4
2008-05-23,,,,2897.1
2008-05-27,,,,2882.5
2008-05-28,,,,2889.4
2008-05-29,,,,2885.0
2008-05-30,,,,2895.6
2008-06-02,,,,2872.6
2008-06-03,,,,2883.5
2008-06-04,,,,2859.8
2008-06-05,,,,2876.9
2008-06-06,,,,2831.7
2008-06-09,,,,2809.2
2008-06-10,,,,2776.4
2008-06-11,,,,2733.4
2008-06-12,,,,2754.0
2008-06-13,,,,2758.5
2008-06-16,,,,2750.0
2008-06-17,,,,2775.0
2008-06-18,,,,2738.5
2008-06-19,,,,2701.0
2008-06-20,,,,2670.5
2008-06-23,,,,2662.0
2008-06-24,,,,2651.5
2008-06-25,,,,2681.5
2008-06-26,,,,2614.5
2008-06-27,,,,2598.0
2008-06-30,,,,2621.0
2008-07-01,,,,2565.0
2008-07-02,,,,2556.5
2008-07-03,,,,2572.5
2008-07-04,,,,2537.5
2008-07-07,,,,2580.0
2008-07-08,,,,2541.5
2008-07-09,,,,2589.5
2008-07-10,,,,2545.5
2008-07-11,,,,2480.5
2008-07-14,,,,2493.5
2008-07-15,,,,2433.5
2008-07-16,,,,2441.0
2008-07-17,,,,2507.5
2008-07-18,,,,2549.5
2008-07-21,,,,2565.5
2008-07-22,,,,2545.5
2008-07-23,,,,2580.5
2008-07-24,,,,2554.5
2008-07-25,,,,2541.5
2008-07-28,,,,2520.5
2008-07-29,,,,2523.0
2008-07-30,,,,2554.5
2008-07-31,,,,2558.5
2008-08-01,,,,2537.0
2008-08-04,,,,2526.0
2008-08-05,,,,2585.0
2008-08-06,,,,2605.0
2008-08-07,,,,2601.0
2008-08-08,,,,2602.5
2008-08-11,,,,2631.5
2008-08-12,,,,2623.0
2008-08-13,,,,2596.0
2008-08-14,,,,2603.0
2008-08-15,,,,2603.0
2008-08-18,,,,2592.0
2008-08-19,,,,2535.0
2008-08-20,,,,2542.0
2008-08-21,,,,2535.0
2008-08-22,,,,2601.5
2008-08-26,,,,2594.0
2008-08-27,,,,2608.5
2008-08-28,,,,2652.5
2008-08-29,,,,2672.5
2008-09-01,,,,2675.5
2008-09-02,,,,2707.0
2008-09-03,,,,2666.0
2008-09-04,,,,2595.5
2008-09-05,,,,2528.5
2008-09-08,,,,2598.0
2008-09-09,,,,2576.0
2008-09-10,,,,2554.0
2008-09-11,,,,2526.0
2008-09-12,,,,2557.0
2008-09-15,,,,2465.5
2008-09-16,,,,2413.5
2008-09-17,,,,2346.5
2008-09-18,,,,2339.0
2008-09-19,,,,2515.0
2008-09-22,,,,2478.0
2008-09-23,,,,2439.5
2008-09-24,,,,2417.0
2008-09-25,,,,2474.5
2008-09-26,,,,2424.0
2008-09-29,,,,2304.0
2008-09-30,,,,2335.5
2008-10-01,,,,2343.0
2008-10-02,,,,2300.0
2008-10-03,,,,2349.5
2008-10-06,,,,2164.5
2008-10-07,,,,2148.0
2008-10-08,,,,2056.0
2008-10-09,,,,2018.5
2008-10-10,,,,1901.0
2008-10-13,,,,2035.5
2008-10-14,,,,2089.0
2008-10-15,,,,1954.5
2008-10-16,,,,1853.0
2008-10-17,,,,1937.5
2008-10-20,,,,1991.5
2008-10-21,,,,1987.0
2008-10-22,,,,1914.5
2008-10-23,,,,1922.0
2008-10-24,,,,1849.5
2008-10-27,,,,1820.5
2008-10-28,,,,1846.0
2008-10-30,,,,1977.5
2008-10-31,,,,2024.0
2008-11-03,,,,2066.0
2008-11-04,,,,2186.5
2008-11-05,,,,2130.5
2008-11-06,,,,2006.0
2008-11-07,,,,2055.5
2008-11-10,,,,2081.5
2008-11-11,,,,2000.5
2008-11-14,,,,2034.0
2008-11-25,,,,1955.0
2008-11-26,,,,1946.5
2008-11-27,,,,1977.0
2008-11-28,,,,1978.5
2008-12-02,,,,1939.0
2008-12-03,,,,1973.5
2008-12-04,,,,1987.0
2008-12-05,,,,1926.0
2008-12-08,,,,2047.5
2008-12-09,,,,2060.0
2008-12-10,,,,2085.5
2008-12-11,,,,2105.5
2008-12-12,,,,2071.5
2008-12-15,,,,2050.0
2008-12-16,,,,2075.5
2008-12-17,,,,2133.0
2008-12-18,,,,2160.5
2008-12-19,,,,2136.0
2008-12-22,,,,2111.5
2008-12-23,,,,2133.5
2008-12-24,,,,2107.5
2008-12-29,,,,2187.5
2008-12-30,,,,2257.0
2008-12-31,,,,2221.5
2009-01-06,,,,2242.5
2009-01-07,,,,2193.5
2009-01-08,,,,2186.5
2009-01-12,,,,2134.0
2009-01-13,,,,2170.0
2009-01-14,,,,2170.0
2009-01-15,,,,1990.0
2009-01-16,,,,2006.5
2009-01-19,,,,2170.0
2009-01-20,,,,2170.0
2009-01-21,,,,1997.5
2009-01-22,,,,1987.0
2009-01-23,,,,1975.0
2009-01-26,,,,2055.5
2009-01-27,,,,2025.0
2009-01-28,,,,2078.0
2009-01-29,,,,2017.5
2009-01-30,,,,1965.0
2009-02-02,,,,1926.5
2009-02-03,,,,1986.5
2009-02-04,,,,1999.5
2009-02-05,,,,1971.5
2009-02-06,,,,2010.5
2009-02-09,,,,2026.5
2009-02-10,,,,2005.5
2009-02-12,,,,1990.5
2009-02-13,,,,1982.5
2009-02-16,,,,1964.5
2009-02-17,,,,1882.5
2009-02-18,,,,1873.5
2009-02-19,,,,1888.0
2009-02-20,,,,1817.5
2009-02-23,,,,1784.0
2009-02-24,,,,1773.0
2009-02-25,,,,1782.0
2009-02-26,,,,1822.0
2009-02-27,,,,1785.5
2009-03-02,,,,1640.0
2009-03-03,,,,1679.5
2009-03-04,,,,1726.0
2009-03-05,,,,1668.0
2009-03-06,,,,1657.0
2009-03-09,,,,1686.5
2009-03-10,,,,1773.0
2009-03-11,,,,1791.5
2009-03-12,,,,1801.0
2009-03-13,,,,1812.0
2009-03-16,,,,1858.5
2009-03-17,,,,1855.5
2009-03-18,,,,1863.5
2009-03-19,,,,1881.5
2009-03-20,,,,1885.5
2009-03-23,,,,1939.0
2009-03-24,,,,1906.5
2009-03-25,,,,1932.5
2009-03-26,,,,1948.0
2009-03-27,,,,1915.0
2009-03-30,,,,1841.0
2009-03-31,,,,1901.0
2009-04-01,,,,1912.0
2009-04-02,,,,2000.0
2009-04-03,,,,1963.0
2009-04-06,,,,1946.0
2009-04-07,,,,1918.0
2009-04-08,,,,1930.0
2009-04-09,,,,1969.0
2009-04-14,,,,1970.0
2009-04-15,,,,1952.5
2009-04-16,,,,1991.0
2009-04-17,,,,2015.5
2009-04-20,,,,1963.5
2009-04-21,,,,1961.0
2009-04-22,,,,2008.0
2009-04-23,,,,1993.0
2009-04-24,,,,2063.0
2009-04-27,,,,2052.0
2009-04-28,,,,2021.0
2009-04-29,,,,2071.0
2009-04-30,,,,2098.0
2009-05-01,,,,2090.0
2009-05-05,,,,2134.0
2009-05-06,,,,2159.0
2009-05-07,,,,2160.0
2009-05-08,,,,2203.5
2009-05-11,,,,2182.0
2009-05-12,,,,2167.0
2009-05-13,,,,2119.5
2009-05-14,,,,2132.0
2009-05-15,,,,2129.5
2009-05-18,,,,2162.0
2009-05-19,,,,2187.0
2009-05-20,,,,2198.0
2009-05-21,,,,2125.0
2009-05-22,,,,2165.0
2009-05-26,,,,2174.0
2009-05-27,,,,2162.0
2009-05-28,,,,2151.0
2009-05-29,,,,2161.0
2009-06-01,,,,2207.5
2009-06-02,,,,2191.0
2009-06-03,,,,2156.0
2009-06-04,,,,2175.0
2009-06-05,,,,2192.0
2009-06-08,,,,2152.0
2009-06-10,,,,2174.0
2009-06-11,,,,2183.0
2009-06-12,,,,2161.5
2009-06-15,,,,2097.5
2009-06-16,,,,2092.0
2009-06-17,,,,2060.0
2009-06-18,,,,2084.5
2009-06-19,,,,2093.0
2009-06-22,,,,2034.0
2009-06-23,,,,2049.5
2009-06-24,,,,2087.0
2009-06-25,,,,2067.0
2009-06-26,,,,2062.0
2009-06-29,,,,2100.0
2009-06-30,,,,2078.5
2009-07-01,,,,2126.0
2009-07-02,,,,2068.5
2009-07-03,,,,2071.0
2009-07-06,,,,2050.0
2009-07-07,,,,2050.0
2009-07-08,,,,2022.0
2009-07-09,,,,2040.0
2009-07-10,,,,2009.0
2009-07-13,,,,2055.5
2009-07-14,,,,2074.5
2009-07-15,,,,2127.0
2009-07-16,,,,2145.0
2009-07-17,,,,2164.5
2009-07-20,,,,2183.0
2009-07-21,,,,2211.5
2009-07-22,,,,2211.0
2009-07-23,,,,2248.0
2009-07-24,,,,2256.0
2009-07-27,,,,2262.5
2009-07-28,,,,2237.5
2009-07-29,,,,2245.0
2009-07-30,,,,2283.0
2009-07-31,,,,2279.0
2009-08-03,,,,2309.5
2009-08-04,,,,2295.0
2009-08-05,,,,2278.5
2009-08-06,,,,2310.5
2009-08-07,,,,2329.0
2009-08-10,,,,2331.5
2009-08-11,,,,2292.5
2009-08-12,,,,2334.5
2009-08-13,,,,2349.5
2009-08-14,,,,2329.5
2009-08-17,,,,2289.5
2009-08-18,,,,2296.0
2009-08-19,,,,2315.0
2009-08-20,,,,2354.0
2009-08-21,,,,2416.5
2009-08-24,,,,2454.0
2009-08-25,,,,2480.0
2009-08-26,,,,2463.5
2009-08-27,,,,2457.0
2009-08-28,,,,2486.5
2009-09-01,,,,2464.0
2009-09-02,,,,2402.0
2009-09-03,,,,2392.5
2009-09-04,,,,2418.0
2009-09-07,,,,2466.0
2009-09-08,,,,2478.0
2009-09-09,,,,2506.0
2009-09-10,,,,2497.0
2009-09-11,,,,2509.5
2009-09-14,,,,2517.0
2009-09-15,,,,2545.5
2009-09-16,,,,2587.0
2009-09-17,,,,2600.0
2009-09-18,,,,2631.5
2009-09-21,,,,2588.0
2009-09-22,,,,2622.5
2009-09-23,,,,2619.5
2009-09-24,,,,2606.5
2009-09-25,,,,2614.0
2009-09-28,,,,2657.0
2009-09-29,,,,2642.0
2009-09-30,,,,2625.5
2009-10-01,,,,2571.5
2009-10-02,,,,2554.0
2009-10-05,,,,2574.0
2009-10-06,,,,2654.5
2009-10-07,,,,2635.5
2009-10-08,,,,2648.0
2009-10-09,,,,2667.0
2009-10-12,,,,2717.5
2009-10-13,,,,2688.0
2009-10-14,,,,2741.5
2009-10-15,,,,2700.0
2009-10-16,,,,2650.0
2009-10-19,,,,2703.0
2009-10-20,,,,2680.0
2009-10-21,,,,2672.0
2009-10-22,,,,2642.0
2009-10-23,,,,2675.5
2009-10-26,,,,2624.0
2009-10-27,,,,2611.0
2009-10-28,,,,2549.0
2009-10-29,,,,2573.5
2009-10-30,,,,2511.5
2009-11-02,,,,2560.5
2009-11-03,,,,2497.5
2009-11-04,,,,2546.5
2009-11-05,,,,2574.0
2009-11-09,,,,2620.5
2009-11-10,,,,2619.5
2009-11-11,,,,2645.0
2009-11-12,,,,2646.0
2009-11-16,,,,2667.0
2009-11-17,,,,2635.0
2009-11-18,,,,2659.5
2009-11-20,,,,2612.5
2009-11-23,,,,2668.5
2009-11-24,,,,2655.0
2009-11-25,,,,2671.0
2009-11-27,,,,2623.0
2009-11-30,,,,2607.0
2009-12-01,,,,2656.5
2009-12-02,,,,2656.0
2009-12-03,,,,2669.0
2009-12-04,,,,2668.0
2009-12-07,,,,2664.0
2009-12-08,,,,2630.0
2009-12-09,,,,2614.0
2009-12-10,,,,2633.5
2009-12-11,,,,2623.0
2009-12-14,,,,2649.5
2009-12-15,,,,2636.5
2009-12-16,,,,2654.5
2009-12-17,,,,2615.5
2009-12-18,,,,2604.5
2009-12-21,,,,2651.0
2009-12-22,,,,2669.5
2009-12-23,,,,2699.5
2009-12-24,,,,2712.0
2009-12-29,,,,2736.0
2009-12-30,,,,2697.0
2009-12-31,,,,2693.5
2010-01-04,,,,2753.5
2010-01-05,,,,2762.0
2010-01-06,,,,2764.5
2010-01-07,,,,2765.0
2010-01-08,,,,2767.5
2010-01-11,,,,2771.5
2010-01-12,,,,2734.5
2010-01-13,,,,2725.0
2010-01-14,,,,2733.0
2010-01-15,,,,2698.0
2010-01-18,,,,2705.3
2010-01-19,,,,2701.5
2010-01-20,,,,2637.5
2010-01-21,,,,2613.5
2010-01-22,,,,2605.0
2010-01-25,,,,2589.0
2010-01-26,,,,2576.0
2010-01-28,,,,2505.0
2010-01-29,,,,2546.5
2010-02-01,,,,2583.5
2010-02-02,,,,2607.9
2010-02-03,,,,2591.0
2010-02-04,,,,2518.5
2010-02-05,,,,2463.5
2010-02-08,,,,2491.0
2010-02-09,,,,2501.0
2010-02-10,,,,2524.0
2010-02-11,,,,2507.0
2010-02-12,,,,2490.0
2010-02-15,,,,2505.5
2010-02-16,,,,2547.0
2010-02-18,,,,2586.5
2010-02-19,,,,2599.0
2010-02-22,,,,2613.3
2010-02-23,,,,2579.0
2010-02-24,,,,2595.1
2010-02-25,,,,2573.0
2010-02-26,,,,2630.5
2010-03-01,,,,2677.0
2010-03-02,,,,2717.0
2010-03-03,,,,2743.0
2010-03-04,,,,2727.5
2010-03-05,,,,2762.0
2010-03-08,,,,2777.1
2010-03-09,,,,2778.5
2010-03-10,,,,2813.9
2010-03-11,,,,2798.0
2010-03-12,,,,2797.0
2010-03-15,,,,2783.0
2010-03-16,,,,2803.1
2010-03-17,,,,2803.5
2010-03-18,,,,2785.4
2010-03-19,,,,2801.0
2010-03-22,,,,2791.5
2010-03-23,,,,2808.0
2010-03-24,,,,2807.6
2010-03-25,,,,2837.5
2010-03-26,,,,2829.4
2010-03-29,,,,2834.5
2010-03-30,,,,2802.5
2010-03-31,,,,2806.0
2010-04-01,,,,2834.0
2010-04-06,,,,2828.5
2010-04-07,,,,2813.5
2010-04-08,,,,2783.6
2010-04-09,,,,2823.0
2010-04-12,,,,2843.6
2010-04-13,,,,2836.5
2010-04-14,,,,2852.1
2010-04-15,,,,2846.5
2010-04-16,,,,2799.5
2010-04-19,,,,2804.5
2010-04-20,,,,2828.5
2010-04-21,,,,2787.0
2010-04-22,,,,2745.5
2010-04-23,,,,2787.0
2010-04-26,,,,2784.0
2010-04-27,,,,2761.0
2010-04-28,,,,2696.0
2010-04-29,,,,2720.0
2010-04-30,,,,2702.5
2010-05-04,,,,2608.5
2010-05-05,,,,2560.0
2010-05-06,,,,2528.5
2010-05-07,,,,2459.5
2010-05-10,,,,2631.0
2010-05-11,,,,2599.0
2010-05-12,,,,2637.5
2010-05-13,,,,2664.0
2010-05-14,,,,2555.5
2010-05-17,,,,2559.5
2010-05-18,,,,2599.5
2010-05-19,,,,2529.0
2010-05-20,,,,2491.5
2010-05-21,,,,2493.5
2010-05-24,,,,2472.5
2010-05-25,,,,2406.0
2010-05-26,,,,2440.5
2010-05-27,,,,2511.5
2010-05-28,,,,2525.0
2010-06-01,,,,2489.5
2010-06-02,,,,2488.0
2010-06-03,,,,2522.0
2010-06-04,,,,2453.5
2010-06-07,,,,2431.0
2010-06-08,,,,2426.0
2010-06-09,,,,2456.0
2010-06-10,,,,2489.0
2010-06-11,,,,2517.0
2010-06-14,,,,2545.5
2010-06-15,,,,2566.0
2010-06-16,,,,2568.5
2010-06-17,,,,2592.0
2010-06-18,,,,2592.0
2010-06-21,,,,2621.5
2010-06-22,,,,2587.0
2010-06-23,,,,2535.5
2010-06-24,,,,2495.5
2010-06-25,,,,2476.5
2010-06-28,,,,2491.0
2010-06-29,,,,2393.5
2010-06-30,,,,2422.5
2010-07-01,,,,2372.5
2010-07-02,,,,2391.0
2010-07-05,,,,2379.5
2010-07-06,,,,2452.0
2010-07-07,,,,2485.0
2010-07-08,,,,2529.0
2010-07-09,,,,2542.0
2010-07-12,,,,2553.0
2010-07-13,,,,2603.5
2010-07-14,,,,2598.0
2010-07-15,,,,2580.5
2010-07-16,,,,2544.5
2010-07-19,,,,2549.0
2010-07-20,,,,2531.0
2010-07-21,,,,2551.0
2010-07-22,,,,2616.5
2010-07-23,,,,2588.5
2010-07-26,,,,2615.0
2010-07-27,,,,2620.0
2010-07-28,,,,2604.0
2010-07-29,,,,2607.5
2010-07-30,,,,2579.0
2010-08-02,,,,2645.0
2010-08-03,,,,2642.0
2010-08-04,,,,2640.0
2010-08-05,,,,2640.0
2010-08-06,,,,2617.5
2010-08-09,,,,2648.0
2010-08-10,,,,2629.5
2010-08-11,,,,2552.0
2010-08-12,,,,2563.5
2010-08-13,,,,2546.0
2010-08-16,,,,2549.0
2010-08-17,,,,2602.5
2010-08-18,,,,2585.5
2010-08-19,,,,2536.5
2010-08-20,,,,2509.5
2010-08-23,,,,2521.5
2010-08-24,,,,2495.0
2010-08-25,,,,2467.0
2010-08-26,,,,2484.5
2010-08-27,,,,2516.0
2010-08-31,,,,2536.0
2010-09-01,,,,2607.5
2010-09-02,,,,2620.5
2010-09-03,,,,2643.5
2010-09-06,,,,2658.5
2010-09-07,,,,2629.0
2010-09-08,,,,2627.0
2010-09-09,,,,2662.0
2010-09-10,,,,2673.5
2010-09-13,,,,2709.5
2010-09-14,,,,2717.5
2010-09-15,,,,2694.5
2010-09-16,,,,2690.0
2010-09-17,,,,2671.0
2010-09-20,,,,2727.5
2010-09-21,,,,2730.0
2010-09-22,,,,2725.5
2010-09-23,,,,2699.5
2010-09-24,,,,2740.0
2010-09-27,,,,2726.5
2010-09-28,,,,2744.0
2010-09-29,,,,2742.5
2010-09-30,,,,2733.0
2010-10-01,,,,2750.0
2010-10-04,,,,2712.5
2010-10-05,,,,2765.0
2010-10-06,,,,2800.5
2010-10-07,,,,2795.5
2010-10-08,,,,2791.5
2010-10-11,,,,2800.0
2010-10-12,,,,2803.5
2010-10-13,,,,2861.5
2010-10-14,,,,2846.5
2010-10-15,,,,2836.5
2010-10-18,,,,2854.5
2010-10-19,,,,2837.0
2010-10-21,,,,2892.0
2010-10-22,,,,2884.0
2010-10-25,,,,2895.0
2010-10-26,,,,2840.5
2010-10-27,,,,2815.5
2010-10-28,,,,2826.0
2010-10-29,,,,2816.0
2010-11-01,,,,2811.0
2010-11-02,,,,2858.0
2010-11-03,,,,2833.0
2010-11-04,,,,2889.0
2010-11-05,,,,2872.5
2010-11-08,,,,2858.5
2010-11-09,,,,2884.0
2010-11-10,,,,2831.0
2010-11-11,,,,2806.5
2010-11-12,,,,2804.0
2010-11-15,,,,2816.0
2010-11-16,,,,2766.0
2010-11-17,,,,2778.0
2010-11-18,,,,2822.0
2010-11-19,,,,2820.5
2010-11-22,,,,2790.5
2010-11-23,,,,2723.0
2010-11-24,,,,2757.5
2010-11-25,,,,2775.0
2010-11-26,,,,2758.0
2010-11-29,,,,2695.5
2010-11-30,,,,2669.0
2010-12-01,,,,2737.5
2010-12-02,,,,2811.5
2010-12-03,,,,2812.0
2010-12-06,,,,2802.5
2010-12-07,,,,2820.0
2010-12-08,,,,2812.0
2010-12-09,,,,2824.5
2010-12-10,,,,2825.0
2010-12-13,,,,2854.0
2010-12-14,,,,2879.5
2010-12-15,,,,2881.0
2010-12-16,,,,2868.0
2010-12-17,,,,2867.5
2010-12-20,,,,2871.5
2010-12-21,,,,2914.0
2010-12-22,,,,2919.5
2010-12-23,,,,2922.0
2010-12-24,,,,2916.5
2010-12-29,,,,2915.0
2010-12-30,,,,2916.0
2010-12-31,,,,2898.0
2011-01-04,,,,2920.5
2011-01-05,,,,2908.0
2011-01-06,,,,2891.5
2011-01-07,,,,2855.0
2011-01-10,,,,2825.0
2011-01-11,,,,2858.0
2011-01-12,,,,2900.5
2011-01-13,,,,2917.0
2011-01-14,,,,2909.5
2011-01-17,,,,2895.0
2011-01-18,,,,2931.5
2011-01-19,,,,2913.0
2011-01-20,,,,2886.0
2011-01-21,,,,2912.5
2011-01-24,,,,2942.5
2011-01-25,,,,2952.0
2011-01-26,,,,2971.0
2011-01-27,,,,2975.5
2011-01-28,,,,2948.5
2011-01-31,,,,2923.0
2011-02-01,,,,2969.5
2011-02-02,,,,2969.0
2011-02-03,,,,2947.5
2011-02-04,,,,2950.5
2011-02-07,,,,2965.5
2011-02-08,,,,2998.5
2011-02-09,,,,2990.0
2011-02-10,,,,2965.0
2011-02-11,,,,2977.0
2011-02-14,,,,2973.5
2011-02-15,,,,2958.5
2011-02-16,,,,3003.0
2011-02-17,,,,2994.0
2011-02-18,,,,2995.0
2011-02-21,,,,2957.0
2011-02-22,,,,2959.5
2011-02-23,,,,2930.5
2011-02-24,,,,2941.0
2011-02-25,,,,2973.0
2011-02-28,,,,2975.5
2011-03-01,,,,2948.5
2011-03-02,,,,2941.5
2011-03-03,,,,2970.5
2011-03-04,,,,2967.0
2011-03-07,,,,2965.0
2011-03-08,,,,2967.0
2011-03-09,,,,2955.4
2011-03-10,,,,2920.9
2011-03-11,,,,2912.6
2011-03-14,,,,2881.9
2011-03-15,,,,2840.7
2011-03-16,,,,2792.9
2011-03-17,,,,2837.2
2011-03-18,,,,2865.1
2011-03-21,,,,2909.3
2011-03-22,,,,2890.1
2011-03-23,,,,2907.6
2011-03-24,,,,2970.8
2011-03-25,,,,2978.6
2011-03-28,,,,2976.3
2011-03-29,,,,2989.1
2011-03-30,,,,2999.5
2011-03-31,,,,2997.6
2011-04-01,,,,3030.4
2011-04-04,,,,3036.0
2011-04-05,,,,3012.1
2011-04-06,,,,3038.8
2011-04-07,,,,3021.1
2011-04-08,,,,3044.1
2011-04-11,,,,3042.6
2011-04-12,,,,3017.0
2011-04-13,,,,3040.0
2011-04-14,,,,3009.3
2011-04-15,,,,3018.5
2011-04-18,,,,2938.7
2011-04-19,,,,2956.1
2011-04-20,,,,3032.1
2011-04-21,,,,3031.6
2011-04-26,,,,3084.6
2011-04-27,,,,3078.8
2011-04-28,,,,3098.7
2011-05-03,,,,3129.7
2011-05-04,,,,3087.6
2011-05-05,,,,3045.4
2011-05-06,,,,3067.8
2011-05-09,,,,3036.9
2011-05-10,,,,3072.0
2011-05-11,,,,3048.1
2011-05-12,,,,3043.1
2011-05-13,,,,3037.3
2011-05-16,,,,3037.2
2011-05-17,,,,3004.1
2011-05-18,,,,3040.4
2011-05-19,,,,3057.6
2011-05-20,,,,3027.9
2011-05-23,,,,2968.6
2011-05-24,,,,2978.8
2011-05-25,,,,2982.3
2011-05-26,,,,2973.3
2011-05-27,,,,3000.8
2011-05-31,,,,3049.2
2011-06-01,,,,3046.5
2011-06-02,,,,3006.7
2011-06-03,,,,3024.1
2011-06-06,,,,3019.4
2011-06-07,,,,3015.2
2011-06-08,,,,2979.5
2011-06-09,,,,2993.6
2011-06-10,,,,2951.1
2011-06-13,,,,2948.3
2011-06-14,,,,2970.7
2011-06-15,,,,2927.9
2011-06-16,,,,2909.6
2011-06-17,,,,2944.5
2011-06-20,,,,2923.5
2011-06-21,,,,2973.9
2011-06-22,,,,2982.1
2011-06-23,,,,2911.6
2011-06-24,,,,2916.3
2011-06-27,,,,2931.3
2011-06-28,,,,2962.2
2011-06-29,,,,3018.4
2011-06-30,,,,3067.1
2011-07-01,,,,3087.8
2011-07-04,,,,3097.3
2011-07-05,,,,3080.4
2011-07-06,,,,3064.4
2011-07-07,,,,3089.4
2011-07-08,,,,3029.4
2011-07-11,,,,2962.1
2011-07-12,,,,2934.8
2011-07-13,,,,2963.5
2011-07-14,,,,2932.1
2011-07-15,,,,2917.8
2011-07-18,,,,2866.2
2011-07-19,,,,2895.6
2011-07-20,,,,2932.5
2011-07-21,,,,2977.1
2011-07-22,,,,2985.0
2011-07-25,,,,2987.6
2011-07-26,,,,2982.8
2011-07-27,,,,2933.3
2011-07-28,,,,2923.0
2011-07-29,,,,2896.9
2011-08-01,,,,2857.5
2011-08-02,,,,2805.4
2011-08-03,,,,2743.8
2011-08-04,,,,2639.7
2011-08-05,,,,2590.7
2011-08-08,,,,2494.7
2011-08-09,,,,2553.7
2011-08-10,,,,2453.0
2011-08-11,,,,2512.5
2011-08-12,,,,2593.7
2011-08-15,,,,2624.1
2011-08-16,,,,2606.1
2011-08-17,,,,2601.3
2011-08-18,,,,2463.6
2011-08-19,,,,2431.1
2011-08-22,,,,2461.5
2011-08-23,,,,2476.0
2011-08-24,,,,2525.4
2011-08-25,,,,2508.8
2011-08-26,,,,2499.7
2011-08-30,,,,2559.0
2011-08-31,,,,2632.8
2011-09-01,,,,2632.0
2011-09-02,,,,2558.3
2011-09-05,,,,2455.9
2011-09-06,,,,2442.2
2011-09-07,,,,2526.1
2011-09-08,,,,2515.1
2011-09-09,,,,2427.3
2011-09-12,,,,2369.8
2011-09-13,,,,2396.7
2011-09-14,,,,2447.9
2011-09-15,,,,2515.3
2011-09-16,,,,2512.1
2011-09-19,,,,2460.0
2011-09-20,,,,2505.1
2011-09-21,,,,2477.8
2011-09-22,,,,2366.2
2011-09-23,,,,2371.6
2011-09-26,,,,2400.1
2011-09-27,,,,2500.9
2011-09-28,,,,2481.2
2011-09-29,,,,2497.6
2011-09-30,,,,2434.6
2011-10-03,,,,2406.6
2011-10-04,,,,2352.1
2011-10-05,,,,2424.5
2011-10-06,,,,2515.5
2011-10-07,,,,2516.6
2011-10-10,,,,2582.7
2011-10-11,,,,2577.9
2011-10-12,,,,2623.0
2011-10-13,,,,2586.7
2011-10-14,,,,2626.7
2011-10-17,,,,2590.4
2011-10-18,,,,2587.2
2011-10-19,,,,2593.7
2011-10-20,,,,2553.7
2011-10-21,,,,2615.2
2011-10-24,,,,2651.0
2011-10-25,,,,2628.1
2011-10-26,,,,2632.3
2011-10-27,,,,2760.1
2011-10-28,,,,2747.7
2011-10-31,,,,2651.1
2011-11-01,,,,2537.5
2011-11-02,,,,2578.8
2011-11-03,,,,2626.0
2011-11-04,,,,2591.2
2011-11-07,,,,2573.1
2011-11-08,,,,2601.4
2011-11-09,,,,2538.8
2011-11-10,,,,2532.1
2011-11-11,,,,2595.7
2011-11-14,,,,2578.9
2011-11-15,,,,2558.8
2011-11-16,,,,2560.8
2011-11-17,,,,2525.5
2011-11-18,,,,2511.5
2011-11-21,,,,2451.4
2011-11-22,,,,2434.4
2011-11-23,,,,2395.3
2011-11-24,,,,2390.9
2011-11-25,,,,2394.6
2011-11-28,,,,2489.2
2011-11-29,,,,2492.7
2011-11-30,,,,2586.3
2011-12-01,,,,2585.7
2011-12-02,,,,2607.4
2011-12-05,,,,2630.8
2011-12-06,,,,2626.5
2011-12-07,,,,2602.9
2011-12-08,,,,2558.9
2011-12-09,,,,2598.6
2011-12-12,,,,2529.0
2011-12-13,,,,2527.2
2011-12-14,,,,2475.4
2011-12-15,,,,2495.5
2011-12-16,,,,2486.7
2011-12-19,,,,2476.9
2011-12-20,,,,2518.1
2011-12-21,,,,2496.1
2011-12-22,,,,2524.5
2011-12-23,,,,2549.1
2011-12-28,,,,2544.8
2011-12-29,,,,2569.9
2011-12-30,,,,2577.3
2012-01-03,,,,2647.9
2012-01-04,,,,2614.0
2012-01-05,,,,2587.0
2012-01-06,,,,2580.1
2012-01-09,,,,2573.1
2012-01-10,,,,2621.0
2012-01-11,,,,2608.5
2012-01-12,,,,2632.8
2012-01-13,,,,2603.9
2012-01-16,,,,2620.8
2012-01-17,,,,2649.5
2012-01-18,,,,2661.2
2012-01-19,,,,2699.4
2012-01-20,,,,2687.7
2012-01-23,,,,2711.5
2012-01-24,,,,2690.0
2012-01-25,,,,2680.0
2012-01-26,,,,2726.5
2012-01-27,,,,2706.5
2012-01-30,,,,2663.5
2012-01-31,,,,2664.0
2012-02-01,,,,2721.0
2012-02-02,,,,2728.5
2012-02-03,,,,2769.0
2012-02-06,,,,2757.5
2012-02-07,,,,2771.0
2012-02-08,,,,2777.5
2012-02-09,,,,2789.0
2012-02-10,,,,2757.0
2012-02-13,,,,2776.0
2012-02-14,,,,2776.5
2012-02-15,,,,2781.0
2012-02-16,,,,2764.5
2012-02-17,,,,2793.5
2012-02-20,,,,2828.5
2012-02-21,,,,2825.5
2012-02-22,,,,2824.5
2012-02-23,,,,2826.5
2012-02-24,,,,2839.0
2012-02-27,,,,2822.5
2012-02-28,,,,2830.0
2012-02-29,,,,2793.5
2012-03-01,,,,2817.0
2012-03-02,,,,2811.5
2012-03-05,,,,2799.0
2012-03-06,,,,2729.0
2012-03-07,,,,2747.0
2012-03-08,,,,2801.0
2012-03-09,,,,2809.5
2012-03-12,,,,2817.5
2012-03-13,,,,2840.5
2012-03-14,,,,2842.5
2012-03-15,,,,2856.0
2012-03-16,,,,2864.5
2012-03-19,,,,2868.5
2012-03-20,,,,2836.0
2012-03-21,,,,2834.0
2012-03-22,,,,2803.0
2012-03-23,,,,2814.0
2012-03-26,,,,2834.5
2012-03-27,,,,2819.5
2012-03-28,,,,2803.5
2012-03-29,,,,2754.0
2012-03-30,,,,2779.5
2012-04-02,,,,2814.0
2012-04-03,,,,2797.0
2012-04-04,,,,2707.0
2012-04-05,,,,2712.5
2012-04-10,,,,2650.0
2012-04-11,,,,2658.0
2012-04-12,,,,2698.5
2012-04-13,,,,2648.0
2012-04-16,,,,2665.0
2012-04-17,,,,2718.0
2012-04-18,,,,2679.0
2012-04-19,,,,2665.5
2012-04-20,,,,2683.0
2012-04-23,,,,2609.0
2012-04-24,,,,2648.0
2012-04-25,,,,2676.0
2012-04-26,,,,2675.5
2012-04-27,,,,2690.0
2012-04-30,,,,2673.5
2012-05-01,,,,2673.5
2012-05-02,,,,2664.0
2012-05-03,,,,2665.5
2012-05-04,,,,2623.5
2012-05-08,,,,2577.5
2012-05-09,,,,2567.0
2012-05-10,,,,2577.0
2012-05-11,,,,2597.0
2012-05-14,,,,2527.5
2012-05-15,,,,2505.5
2012-05-16,,,,2505.5
2012-05-17,,,,2486.5
2012-05-18,,,,2465.5
2012-05-21,,,,2495.5
2012-05-22,,,,2537.5
2012-05-23,,,,2467.0
2012-05-24,,,,2497.5
2012-05-25,,,,2493.5
2012-05-28,,,,2490.0
2012-05-29,,,,2511.0
2012-05-30,,,,2470.0
2012-05-31,,,,2467.5
2012-06-01,,,,2439.5
2012-06-06,,,,2504.0
2012-06-07,,,,2517.0
2012-06-08,,,,2520.5
2012-06-11,,,,2511.5
2012-06-12,,,,2516.0
2012-06-13,,,,2524.5
2012-06-14,,,,2533.0
2012-06-15,,,,2544.5
2012-06-18,,,,2530.5
2012-06-19,,,,2584.5
2012-06-20,,,,2599.5
2012-06-21,,,,2581.0
2012-06-22,,,,2560.0
2012-06-25,,,,2517.0
2012-06-26,,,,2502.5
2012-06-27,,,,2540.0
2012-06-28,,,,2532.0
2012-06-29,,,,2617.5
2012-07-02,,,,2634.5
2012-07-03,,,,2669.5
2012-07-04,,,,2666.0
2012-07-05,,,,2647.5
2012-07-06,,,,2609.5
2012-07-09,,,,2597.0
2012-07-10,,,,2613.0
2012-07-11,,,,2600.5
2012-07-12,,,,2587.5
2012-07-13,,,,2604.0
2012-07-16,,,,2603.0
2012-07-17,,,,2592.0
2012-07-18,,,,2623.5
2012-07-19,,,,2638.5
2012-07-20,,,,2602.0
2012-07-23,,,,2543.0
2012-07-24,,,,2525.0
2012-07-25,,,,2536.0
2012-07-26,,,,2596.0
2012-07-27,,,,2642.0
2012-07-30,,,,2662.0
2012-07-31,,,,2658.0
2012-08-01,,,,2679.5
2012-08-02,,,,2629.0
2012-08-03,,,,2717.0
2012-08-06,,,,2743.0
2012-08-07,,,,2758.0
2012-08-08,,,,2753.5
2012-08-09,,,,2752.5
2012-08-10,,,,2742.0
2012-08-13,,,,2735.0
2012-08-14,,,,2752.5
2012-08-15,,,,2746.5
2012-08-16,,,,2758.0
2012-08-17,,,,2771.0
2012-08-20,,,,2765.5
2012-08-21,,,,2795.0
2012-08-22,,,,2751.5
2012-08-23,,,,2747.0
2012-08-24,,,,2750.0
2012-08-28,,,,2747.0
2012-08-29,,,,2735.0
2012-08-30,,,,2716.0
2012-08-31,,,,2730.0
2012-09-03,,,,2750.0
2012-09-04,,,,2716.5
2012-09-05,,,,2721.0
2012-09-06,,,,2785.0
2012-09-07,,,,2809.0
2012-09-10,,,,2809.0
2012-09-11,,,,2821.5
2012-09-12,,,,2828.0
2012-09-13,,,,2822.5
2012-09-14,,,,2886.0
2012-09-17,,,,2871.5
2012-09-18,,,,2853.5
2012-09-19,,,,2866.0
2012-09-20,,,,2839.5
2012-09-21,,,,2857.0
2012-09-24,,,,2836.5
2012-09-25,,,,2849.0
2012-09-26,,,,2793.5
2012-09-27,,,,2793.0
2012-09-28,,,,2767.5
2012-10-01,,,,2819.0
2012-10-02,,,,2814.5
2012-10-03,,,,2817.5
2012-10-04,,,,2822.5
2012-10-05,,,,2857.5
2012-10-08,,,,2843.5
2012-10-09,,,,2815.5
2012-10-10,,,,2802.5
2012-10-11,,,,2828.0
2012-10-12,,,,2810.0
2012-10-15,,,,2824.0
2012-10-16,,,,2875.5
2012-10-17,,,,2895.5
2012-10-18,,,,2900.0
2012-10-19,,,,2879.5
2012-10-22,,,,2877.0
2012-10-23,,,,2825.0
2012-10-24,,,,2823.0
2012-10-25,,,,2808.0
2012-10-26,,,,2812.5
2012-10-29,,,,2808.0
2012-10-30,,,,2834.5
2012-10-31,,,,2813.5
2012-11-01,,,,2840.5
2012-11-02,,,,2846.5
2012-11-05,,,,2831.5
2012-11-06,,,,2849.0
2012-11-07,,,,2801.0
2012-11-08,,,,2797.5
2012-11-09,,,,2800.0
2012-11-12,,,,2799.5
2012-11-13,,,,2809.0
2012-11-14,,,,2800.5
2012-11-15,,,,2774.0
2012-11-16,,,,2733.0
2012-11-19,,,,2803.5
2012-11-20,,,,2811.5
2012-11-21,,,,2818.0
2012-11-22,,,,2848.5
2012-11-23,,,,2866.0
2012-11-26,,,,2854.0
2012-11-27,,,,2855.0
2012-11-28,,,,2864.0
2012-11-29,,,,2901.0
2012-11-30,,,,2904.5
2012-12-03,,,,2906.5
2012-12-04,,,,2908.0
2012-12-05,,,,2911.5
2012-12-06,,,,2918.5
2012-12-07,,,,2918.0
2012-12-10,,,,2914.5
2012-12-11,,,,2934.5
2012-12-12,,,,2942.5
2012-12-13,,,,2937.0
2012-12-14,,,,2947.0
2012-12-17,,,,2941.5
2012-12-18,,,,2962.5
2012-12-19,,,,2976.0
2012-12-20,,,,2974.0
2012-12-21,,,,2967.5
2012-12-24,,,,2976.0
2012-12-27,,,,2985.5
2012-12-28,,,,2952.0
2012-12-31,,,,2954.5
2013-01-02,,,,3013.5
2013-01-03,,,,3015.0
2013-01-04,,,,3031.5
2013-01-07,,,,3025.0
2013-01-08,,,,3022.0
2013-01-09,,,,3045.0
2013-01-10,,,,3058.0
2013-01-11,,,,3077.0
2013-01-14,,,,3089.0
2013-01-15,,,,3072.5
2013-01-16,,,,3087.5
2013-01-17,,,,3115.0
2013-01-18,,,,3121.0
2013-01-21,,,,3137.0
2013-01-22,,,,3127.5
2013-01-23,,,,3135.5
2013-01-24,,,,3176.5
2013-01-25,,,,3198.5
2013-01-28,,,,3221.0
2013-01-29,,,,3228.5
2013-01-30,,,,3221.0
2013-01-31,,,,3202.5
2013-02-01,,,,3252.0
2013-02-04,,,,3169.0
2013-02-05,,,,3206.0
2013-02-06,,,,3190.5
2013-02-07,,,,3143.0
2013-02-08,,,,3143.5
2013-02-11,,,,3165.5
2013-02-12,,,,3195.0
2013-02-13,,,,3230.5
2013-02-14,,,,3208.0
2013-02-15,,,,3206.5
2013-02-18,,,,3207.5
2013-02-19,,,,3259.5
2013-02-20,,,,3270.5
2013-02-21,,,,3197.0
2013-02-22,,,,3224.5
2013-02-25,,,,3268.5
2013-02-26,,,,3187.5
2013-02-27,,,,3229.5
2013-02-28,,,,3246.5
2013-03-01,,,,3242.0
2013-03-04,,,,3235.0
2013-03-05,,,,3287.0
2013-03-06,,,,3286.0
2013-03-07,,,,3312.5
2013-03-08,,,,3335.5
2013-03-11,,,,3347.5
2013-03-12,,,,3358.0
2013-03-13,,,,3330.0
2013-03-14,,,,3344.5
2013-03-15,,,,3334.5
2013-03-18,,,,3312.0
2013-03-19,,,,3276.5
2013-03-20,,,,3300.5
2013-03-21,,,,3258.0
2013-03-22,,,,3260.5
2013-03-25,,,,3236.5
2013-03-26,,,,3243.0
2013-03-27,,,,3217.5
2013-03-28,,,,3229.0
2013-04-02,,,,3288.5
2013-04-03,,,,3252.5
2013-04-04,,,,3215.0
2013-04-05,,,,3175.5
2013-04-08,,,,3189.0
2013-04-09,,,,3202.0
2013-04-10,,,,3260.0
2013-04-11,,,,3274.5
2013-04-12,,,,3244.5
2013-04-15,,,,3235.5
2013-04-16,,,,3228.5
2013-04-17,,,,3166.5
2013-04-18,,,,3165.5
2013-04-19,,,,3189.5
2013-04-22,,,,3186.5
2013-04-23,,,,3253.5
2013-04-24,,,,3280.5
2013-04-25,,,,3266.5
2013-04-26,,,,3255.5
2013-04-29,,,,3291.5
2013-04-30,,,,3289.5
2013-05-01,,,,3292.0
2013-05-02,,,,3291.0
2013-05-03,,,,3322.0
2013-05-07,,,,3348.5
2013-05-08,,,,3376.0
2013-05-09,,,,3375.0
2013-05-10,,,,3383.0
2013-05-13,,,,3388.0
2013-05-14,,,,3415.0
2013-05-15,,,,3422.0
2013-05-16,,,,3412.0
2013-05-17,,,,3428.0
2013-05-20,,,,3446.0
2013-05-21,,,,3463.0
2013-05-22,,,,3498.5
2013-05-23,,,,3427.5
2013-05-24,,,,3411.0
2013-05-28,,,,3474.0
2013-05-29,,,,3414.5
2013-05-30,,,,3430.0
2013-05-31,,,,3390.5
2013-06-03,,,,3353.0
2013-06-04,,,,3372.5
2013-06-05,,,,3306.5
2013-06-06,,,,3266.0
2013-06-07,,,,3309.5
2013-06-10,,,,3304.0
2013-06-11,,,,3276.0
2013-06-12,,,,3261.5
2013-06-13,,,,3252.0
2013-06-14,,,,3265.0
2013-06-17,,,,3281.0
2013-06-18,,,,3312.0
2013-06-19,,,,3302.0
2013-06-20,,,,3197.5
2013-06-21,,,,3161.0
2013-06-24,,,,3091.5
2013-06-25,,,,3128.5
2013-06-26,,,,3181.5
2013-06-27,,,,3232.5
2013-06-28,,,,3215.5
2013-07-01,,,,3253.5
2013-07-02,,,,3252.5
2013-07-03,,,,3205.5
2013-07-04,,,,3301.5
2013-07-05,,,,3279.0
2013-07-08,,,,3320.0
2013-07-09,,,,3350.0
2013-07-10,,,,3340.0
2013-07-11,,,,3376.0
2013-07-12,,,,3374.5
2013-07-15,,,,3390.5
2013-07-16,,,,3387.0
2013-07-17,,,,3381.0
2013-07-18,,,,3400.0
2013-07-19,,,,3408.5
2013-07-22,,,,3401.0
2013-07-23,,,,3401.5
2013-07-24,,,,3421.0
2013-07-25,,,,3411.0
2013-07-26,,,,3403.0
2013-07-29,,,,3400.5
2013-07-30,,,,3430.5
2013-07-31,,,,3444.5
2013-08-01,,,,3486.0
2013-08-02,,,,3482.0
2013-08-05,,,,3470.0
2013-08-06,,,,3458.0
2013-08-07,,,,3431.0
2013-08-08,,,,3447.0
2013-08-09,,,,3466.5
2013-08-12,,,,3468.5
2013-08-13,,,,3474.5
2013-08-14,,,,3477.0
2013-08-15,,,,3432.5
2013-08-16,,,,3442.5
2013-08-19,,,,3423.0
2013-08-20,,,,3411.5
2013-08-21,,,,3378.0
2013-08-22,,,,3427.0
2013-08-23,,,,3455.5
2013-08-27,,,,3403.0
2013-08-28,,,,3376.5
2013-08-29,,,,3384.0
2013-08-30,,,,3350.0
2013-09-02,,,,3389.0
2013-09-03,,,,3372.5
2013-09-04,,,,3369.5
2013-09-05,,,,3378.0
2013-09-06,,,,3400.0
2013-09-09,,,,3402.5
2013-09-10,,,,3451.5
2013-09-11,,,,3446.5
2013-09-12,,,,3452.5
2013-09-13,,,,3440.0
2013-09-16,,,,3467.5
2013-09-17,,,,3460.5
2013-09-18,,,,3453.5
2013-09-19,,,,3506.0
2013-09-20,,,,3504.0
2013-09-23,,,,3473.5
2013-09-24,,,,3490.0
2013-09-25,,,,3479.0
2013-09-26,,,,3482.5
2013-09-27,,,,3461.5
2013-09-30,,,,3425.0
2013-10-01,,,,3444.5
2013-10-02,,,,3436.0
2013-10-03,,,,3441.0
2013-10-04,,,,3458.5
2013-10-07,,,,3442.5
2013-10-08,,,,3424.0
2013-10-09,,,,3411.5
2013-10-10,,,,3467.5
2013-10-11,,,,3497.0
2013-10-14,,,,3495.0
2013-10-15,,,,3510.5
2013-10-16,,,,3528.0
2013-10-17,,,,3525.5
2013-10-18,,,,3553.0
2013-10-21,,,,3572.5
2013-10-22,,,,3597.0
2013-10-23,,,,3586.0
2013-10-24,,,,3611.0
2013-10-25,,,,3608.0
2013-10-28,,,,3610.5
2013-10-29,,,,3632.0
2013-10-30,,,,3630.5
2013-10-31,,,,3602.0
2013-11-01,,,,3592.0
2013-11-04,,,,3608.0
2013-11-05,,,,3569.0
2013-11-06,,,,3592.5
2013-11-07,,,,3561.0
2013-11-08,,,,3556.0
2013-11-11,,,,3589.0
2013-11-12,,,,3586.0
2013-11-13,,,,3547.0
2013-11-14,,,,3571.0
2013-11-15,,,,3577.5
2013-11-18,,,,3608.5
2013-11-19,,,,3585.5
2013-11-20,,,,3562.0
2013-11-21,,,,3561.5
2013-11-22,,,,3569.5
2013-11-25,,,,3588.0
2013-11-26,,,,3574.5
2013-11-27,,,,3573.5
2013-11-28,,,,3578.5
2013-11-29,,,,3572.5
2013-12-02,,,,3549.5
2013-12-03,,,,3498.5
2013-12-04,,,,3478.5
2013-12-05,,,,3480.0
2013-12-06,,,,3508.5
2013-12-09,,,,3518.5
2013-12-10,,,,3498.5
2013-12-11,,,,3495.5
2013-12-12,,,,3459.0
2013-12-13,,,,3456.0
2013-12-16,,,,3508.0
2013-12-17,,,,3493.0
2013-12-18,,,,3493.5
2013-12-19,,,,3528.5
2013-12-20,,,,3556.5
2013-12-23,,,,3591.0
2013-12-24,,,,3594.0
2013-12-27,,,,3627.5
2013-12-30,,,,3628.0
2013-12-31,,,,3623.0
2014-01-02,,,,3578.5
2014-01-03,,,,3588.5
2014-01-06,,,,3593.5
2014-01-07,,,,3615.5
2014-01-08,,,,3597.0
2014-01-09,,,,3584.0
2014-01-10,,,,3620.0
2014-01-13,,,,3644.5
2014-01-14,,,,3644.0
2014-01-15,,,,3679.0
2014-01-16,,,,3683.5
2014-01-17,,,,3669.0
2014-01-20,,,,3672.0
2014-01-21,,,,3660.5
2014-01-22,,,,3643.0
2014-01-23,,,,3632.0
2014-01-24,,,,3565.5
2014-01-27,,,,3523.0
2014-01-28,,,,3538.5
2014-01-29,,,,3525.0
2014-01-30,,,,3519.5
2014-01-31,,,,3509.0
2014-02-03,,,,3491.0
2014-02-04,,,,3482.0
2014-02-05,,,,3492.5
2014-02-06,,,,3552.0
2014-02-07,,,,3568.5
2014-02-10,,,,3576.0
2014-02-11,,,,3617.5
2014-02-12,,,,3601.5
2014-02-13,,,,3608.5
2014-02-14,,,,3607.5
2014-02-17,,,,3629.0
2014-02-18,,,,3651.0
2014-02-19,,,,3650.5
2014-02-20,,,,3644.5
2014-02-21,,,,3669.5
2014-02-24,,,,3694.0
2014-02-25,,,,3692.0
2014-02-26,,,,3676.5
2014-02-27,,,,3667.0
2014-02-28,,,,3677.5
2014-03-03,,,,3597.5
2014-03-04,,,,3674.5
2014-03-05,,,,3658.0
2014-03-06,,,,3690.0
2014-03-07,,,,3655.5
2014-03-10,,,,3657.0
2014-03-11,,,,3656.5
2014-03-12,,,,3639.0
2014-03-13,,,,3588.5
2014-03-14,,,,3565.5
2014-03-17,,,,3606.0
2014-03-18,,,,3638.5
2014-03-19,,,,3625.5
2014-03-20,,,,3622.5
2014-03-21,,,,3635.0
2014-03-24,,,,3593.5
2014-03-25,,,,3632.0
2014-03-26,,,,3650.0
2014-03-27,,,,3634.0
2014-03-28,,,,3659.5
2014-03-31,,,,3668.0
2014-04-01,,,,3695.0
2014-04-02,,,,3702.0
2014-04-03,,,,3698.5
2014-04-04,,,,3714.5
2014-04-07,,,,3679.0
2014-04-08,,,,3653.5
2014-04-09,,,,3672.0
2014-04-10,,,,3664.5
2014-04-11,,,,3630.5
2014-04-14,,,,3625.5
2014-04-15,,,,3595.0
2014-04-16,,,,3625.0
2014-04-17,,,,3647.5
2014-04-22,,,,3679.0
2014-04-23,,,,3681.0
2014-04-24,,,,3686.0
2014-04-25,,,,3662.0
2014-04-28,,,,3670.5
2014-04-29,,,,3701.5
2014-04-30,,,,3709.0
2014-05-01,,,,3720.5
2014-05-02,,,,3703.5
2014-05-06,,,,3687.0
2014-05-07,,,,3691.0
2014-05-08,,,,3720.5
2014-05-09,,,,3708.0
2014-05-12,,,,3726.5
2014-05-13,,,,3736.5
2014-05-14,,,,3757.0
2014-05-15,,,,3724.0
2014-05-16,,,,3723.0
2014-05-19,,,,3727.5
2014-05-20,,,,3713.0
2014-05-21,,,,3719.5
2014-05-22,,,,3728.5
2014-05-23,,,,3729.0
2014-05-27,,,,3768.0
2014-05-28,,,,3778.0
2014-05-29,,,,3787.5
2014-05-30,,,,3777.0
2014-06-02,,,,3784.0
2014-06-03,,,,3773.5
2014-06-04,,,,3769.5
2014-06-05,,,,3776.0
2014-06-06,,,,3805.5
2014-06-09,,,,3808.5
2014-06-10,,,,3813.5
2014-06-11,,,,3782.0
2014-06-12,,,,3779.0
2014-06-13,,,,3743.0
2014-06-16,,,,3734.5
2014-06-17,,,,3739.5
2014-06-18,,,,3748.5
2014-06-19,,,,3756.5
2014-06-20,,,,3756.5
2014-06-23,,,,3740.5
2014-06-24,,,,3747.5
2014-06-25,,,,3719.5
2014-06-26,,,,3694.5
2014-06-27,,,,3709.0
2014-06-30,,,,3708.5
2014-07-01,,,,3723.5
2014-07-02,,,,3720.5
2014-07-03,,,,3746.5
2014-07-04,,,,3733.5
2014-07-07,,,,3703.5
2014-07-08,,,,3654.0
2014-07-09,,,,3659.5
2014-07-10,,,,3615.0
2014-07-11,,,,3622.5
2014-07-14,,,,3669.0
2014-07-15,,,,3631.5
2014-07-16,,,,3671.0
2014-07-17,,,,3638.5
2014-07-18,,,,3644.5
2014-07-21,,,,3632.5
2014-07-22,,,,3667.0
2014-07-23,,,,3669.5
2014-07-24,,,,3700.0
2014-07-25,,,,3664.5
2014-07-28,,,,3658.5
2014-07-29,,,,3669.5
2014-07-30,,,,3650.5
2014-07-31,,,,3611.5
2014-08-01,,,,3581.0
2014-08-04,,,,3580.5
2014-08-05,,,,3567.5
2014-08-06,,,,3542.5
2014-08-07,,,,3516.5
2014-08-08,,,,3521.5
2014-08-11,,,,3560.5
2014-08-12,,,,3538.5
2014-08-13,,,,3587.0
2014-08-14,,,,3598.0
2014-08-15,,,,3579.5
2014-08-18,,,,3613.0
2014-08-19,,,,3645.5
2014-08-20,,,,3634.0
2014-08-21,,,,3664.5
2014-08-22,,,,3648.0
2014-08-26,,,,3706.5
2014-08-27,,,,3706.5
2014-08-28,,,,3677.5
2014-08-29,,,,3674.5
2014-09-01,,,,3673.5
2014-09-02,,,,3694.0
2014-09-03,,,,3737.5
2014-09-04,,,,3749.5
2014-09-05,,,,3750.0
2014-09-08,,,,3765.0
2014-09-09,,,,3755.5
2014-09-10,,,,3747.0
2014-09-11,,,,3722.5
2014-09-12,,,,3723.0
2014-09-15,,,,3718.5
2014-09-16,,,,3713.0
2014-09-17,,,,3709.0
2014-09-18,,,,3719.5
2014-09-19,,,,3722.0
2014-09-22,,,,3692.0
2014-09-23,,,,3646.5
2014-09-24,,,,3657.0
2014-09-25,,,,3619.0
2014-09-26,,,,3629.5
2014-09-29,,,,3613.5
2014-09-30,,,,3626.5
2014-10-01,,,,3589.5
2014-10-02,,,,3536.5
2014-10-03,,,,3564.5
2014-10-06,,,,3572.5
2014-10-07,,,,3522.5
2014-10-08,,,,3514.5
2014-10-09,,,,3487.5
2014-10-10,,,,3440.0
2014-10-13,,,,3441.5
2014-10-14,,,,3469.5
2014-10-15,,,,3377.0
2014-10-16,,,,3357.0
2014-10-17,,,,3427.0
2014-10-20,,,,3407.5
2014-10-21,,,,3461.5
2014-10-22,,,,3480.0
2014-10-23,,,,3514.5
2014-10-24,,,,3498.0
2014-10-27,,,,3479.5
2014-10-28,,,,3517.0
2014-10-29,,,,3526.0
2014-10-30,,,,3533.5
2014-10-31,,,,3574.0
2014-11-03,,,,3545.0
2014-11-04,,,,3523.5
2014-11-05,,,,3564.5
2014-11-06,,,,3583.0
2014-11-07,,,,3572.0
2014-11-10,,,,3593.0
2014-11-11,,,,3608.5
2014-11-12,,,,3588.0
2014-11-13,,,,3621.0
2014-11-14,,,,3635.5
2014-11-17,,,,3644.5
2014-11-18,,,,3692.0
2014-11-19,,,,3687.0
2014-11-20,,,,3669.0
2014-11-21,,,,3715.5
2014-11-24,,,,3721.5
2014-11-25,,,,3726.0
2014-11-26,,,,3731.5
2014-11-27,,,,3744.5
2014-11-28,,,,3749.5
2014-12-01,,,,3721.5
2014-12-02,,,,3736.5
2014-12-03,,,,3718.5
2014-12-04,,,,3705.5
2014-12-05,,,,3759.5
2014-12-08,,,,3725.5
2014-12-09,,,,3659.0
2014-12-10,,,,3645.5
2014-12-11,,,,3635.5
2014-12-12,,,,3552.5
2014-12-15,,,,3483.5
2014-12-16,,,,3539.0
2014-12-17,,,,3540.5
2014-12-18,,,,3603.5
2014-12-19,,,,3618.0
2014-12-22,,,,3642.5
2014-12-23,,,,3663.5
2014-12-24,,,,3663.5
2014-12-29,,,,3666.5
2014-12-30,,,,3618.5
2014-12-31,,,,3619.5
2015-01-02,,,,3621.0
2015-01-05,,,,3538.0
2015-01-06,,,,3530.5
2015-01-07,,,,3538.0
2015-01-08,,,,3629.0
2015-01-09,,,,3571.5
2015-01-12,,,,3594.0
2015-01-13,,,,3627.0
2015-01-14,,,,3565.0
2015-01-15,,,,3608.5
2015-01-16,,,,3639.5
2015-01-19,,,,3673.0
2015-01-20,,,,3673.5
2015-01-21,,,,3721.0
2015-01-22,,,,3745.5
2015-01-23,,,,3769.0
2015-01-26,,,,3781.5
2015-01-27,,,,3752.5
2015-01-28,,,,3737.0
2015-01-29,,,,3763.5
2015-01-30,,,,3737.0
2015-02-02,,,,3755.0
2015-02-03,,,,3804.5
2015-02-04,,,,3783.5
2015-02-05,,,,3777.0
2015-02-06,,,,3766.5
2015-02-09,,,,3746.0
2015-02-10,,,,3756.0
2015-02-11,,,,3744.0
2015-02-12,,,,3767.5
2015-02-13,,,,3797.5
2015-02-16,,,,3792.5
2015-02-17,,,,3804.5
2015-02-18,,,,3801.0
2015-02-19,,,,3821.5
2015-02-20,,,,3839.5
2015-02-23,,,,3839.5
2015-02-24,,,,3859.5
2015-02-25,,,,3850.0
2015-02-26,,,,3860.0
2015-02-27,,,,3862.5
2015-03-02,,,,3870.5
2015-03-03,,,,3841.0
2015-03-04,,,,3844.5
2015-03-05,,,,3874.0
2015-03-06,,,,3866.0
2015-03-09,,,,3837.5
2015-03-10,,,,3762.0
2015-03-11,,,,3803.5
2015-03-12,,,,3825.5
2015-03-13,,,,3844.0
2015-03-16,,,,3886.0
2015-03-17,,,,3884.0
2015-03-18,,,,3925.0
2015-03-19,,,,3935.5
2015-03-20,,,,3980.5
2015-03-23,,,,3994.5
2015-03-24,,,,4027.0
2015-03-25,,,,3999.0
2015-03-26,,,,3951.0
2015-03-27,,,,3948.0
2015-03-30,,,,3988.0
2015-03-31,,,,3918.5
2015-04-01,,,,3937.5
2015-04-02,,,,3966.0
2015-04-07,,,,4019.0
2015-04-08,,,,3984.5
2015-04-09,,,,4035.5
2015-04-10,,,,4079.0
2015-04-13,,,,4071.0
2015-04-14,,,,4056.0
2015-04-15,,,,4058.5
2015-04-16,,,,4037.5
2015-04-17,,,,3976.0
2015-04-20,,,,4011.0
2015-04-21,,,,4024.5
2015-04-22,,,,3988.5
2015-04-23,,,,3996.5
2015-04-24,,,,4000.0
2015-04-27,,,,4033.5
2015-04-28,,,,3974.5
2015-04-29,,,,3923.5
2015-04-30,,,,3957.0
2015-05-01,,,,3999.0
2015-05-05,,,,3952.0
2015-05-06,,,,3964.5
2015-05-07,,,,3949.5
2015-05-08,,,,3987.0
2015-05-11,,,,3943.5
2015-05-12,,,,3901.0
2015-05-13,,,,3916.0
2015-05-14,,,,3962.0
2015-05-15,,,,3947.5
2015-05-18,,,,3964.0
2015-05-19,,,,3994.5
2015-05-20,,,,3985.0
2015-05-21,,,,3978.0
2015-05-22,,,,3990.5
2015-05-26,,,,3924.5
2015-05-27,,,,3992.0
2015-05-28,,,,3996.5
2015-05-29,,,,3944.5
2015-06-01,,,,3947.5
2015-06-02,,,,3956.5
2015-06-03,,,,4001.0
2015-06-04,,,,3966.5
2015-06-05,,,,3906.0
2015-06-08,,,,3896.0
2015-06-09,,,,3876.0
2015-06-10,,,,3912.5
2015-06-11,,,,3924.0
2015-06-12,,,,3879.5
2015-06-15,,,,3816.5
2015-06-16,,,,3819.5
2015-06-17,,,,3783.5
2015-06-18,,,,3798.0
2015-06-19,,,,3789.5
2015-06-22,,,,3911.5
2015-06-23,,,,3904.0
2015-06-24,,,,3896.5
2015-06-25,,,,3886.0
2015-06-26,,,,3872.5
2015-06-29,,,,3766.0
2015-06-30,,,,3725.5
2015-07-01,,,,3773.5
2015-07-02,,,,3769.0
2015-07-03,,,,3755.0
2015-07-06,,,,3695.0
2015-07-07,,,,3637.0
2015-07-08,,,,3702.0
2015-07-09,,,,3765.0
2015-07-10,,,,3860.5
2015-07-13,,,,3872.5
2015-07-14,,,,3880.0
2015-07-15,,,,3870.5
2015-07-16,,,,3901.5
2015-07-17,,,,3877.5
2015-07-20,,,,3901.5
2015-07-21,,,,3893.5
2015-07-22,,,,3840.5
2015-07-23,,,,3872.5
2015-07-24,,,,3837.0
2015-07-27,,,,3787.5
2015-07-28,,,,3799.5
2015-07-29,,,,3822.0
2015-07-30,,,,3819.5
2015-07-31,,,,3859.5
2015-08-03,,,,3865.0
2015-08-04,,,,3853.0
2015-08-05,,,,3876.5
2015-08-06,,,,3888.5
2015-08-07,,,,3875.0
2015-08-10,,,,3888.0
2015-08-11,,,,3840.0
2015-08-12,,,,3776.5
2015-08-13,,,,3805.0
2015-08-14,,,,3788.5
2015-08-17,,,,3792.0
2015-08-18,,,,3766.5
2015-08-19,,,,3711.0
2015-08-20,,,,3673.0
2015-08-21,,,,3601.5
2015-08-24,,,,3466.5
2015-08-25,,,,3571.0
2015-08-26,,,,3552.0
2015-08-27,,,,3643.5
2015-08-28,,,,3648.0
2015-09-01,,,,3561.5
2015-09-02,,,,3582.0
2015-09-03,,,,3635.5
2015-09-04,,,,3562.5
2015-09-07,,,,3570.0
2015-09-08,,,,3598.5
2015-09-09,,,,3630.0
2015-09-10,,,,3600.5
2015-09-11,,,,3592.5
2015-09-14,,,,3577.0
2015-09-15,,,,3603.5
2015-09-16,,,,3631.5
2015-09-17,,,,3628.0
2015-09-18,,,,3556.0
2015-09-21,,,,3554.5
2015-09-22,,,,3454.0
2015-09-23,,,,3490.0
2015-09-24,,,,3439.0
2015-09-25,,,,3542.0
2015-09-28,,,,3465.0
2015-09-29,,,,3457.5
2015-09-30,,,,3519.0
2015-10-01,,,,3515.0
2015-10-02,,,,3537.5
2015-10-05,,,,3635.5
2015-10-06,,,,3673.0
2015-10-07,,,,3644.5
2015-10-08,,,,3672.0
2015-10-09,,,,3711.0
2015-10-12,,,,3696.5
2015-10-13,,,,3686.5
2015-10-14,,,,3637.0
2015-10-15,,,,3665.5
2015-10-16,,,,3683.5
2015-10-19,,,,3670.0
2015-10-20,,,,3669.0
2015-10-21,,,,3665.0
2015-10-22,,,,3695.0
2015-10-23,,,,3735.0
2015-10-26,,,,3728.0
2015-10-27,,,,3701.5
2015-10-28,,,,3745.0
2015-10-29,,,,3707.5
2015-10-30,,,,3687.5
2015-11-02,,,,3711.5
2015-11-03,,,,3704.0
2015-11-04,,,,3700.5
2015-11-05,,,,3723.0
2015-11-06,,,,3730.5
2015-11-09,,,,3681.0
2015-11-10,,,,3659.0
2015-11-11,,,,3676.0
2015-11-12,,,,3627.5
2015-11-13,,,,3584.0
2015-11-16,,,,3589.0
2015-11-17,,,,3651.0
2015-11-18,,,,3650.5
2015-11-19,,,,3678.5
2015-11-20,,,,3682.0
2015-11-23,,,,3673.5
2015-11-24,,,,3650.5
2015-11-25,,,,3683.5
2015-11-26,,,,3712.5
2015-11-27,,,,3713.5
2015-11-30,,,,3716.5
2015-12-01,,,,3722.5
2015-12-02,,,,3737.5
2015-12-03,,,,3698.5
2015-12-04,,,,3667.0
2015-12-07,,,,3677.0
2015-12-08,,,,3645.5
2015-12-09,,,,3621.0
2015-12-10,,,,3598.5
2015-12-11,,,,3534.5
2015-12-14,,,,3497.0
2015-12-15,,,,3582.0
2015-12-16,,,,3606.0
2015-12-17,,,,3647.0
2015-12-18,,,,3608.0
2015-12-21,,,,3609.0
2015-12-22,,,,3625.0
2015-12-23,,,,3679.5
2015-12-24,,,,3694.0
2015-12-29,,,,3743.5
2015-12-30,,,,3721.0
2015-12-31,,,,3697.5
2016-01-04,,,,3598.5
2016-01-05,,,,3604.5
2016-01-06,,,,3580.0
2016-01-07,,,,3541.0
2016-01-08,,,,3520.0
2016-01-11,,,,3501.0
2016-01-12,,,,3550.0
2016-01-13,,,,3548.5
2016-01-14,,,,3522.5
2016-01-15,,,,3463.5
2016-01-18,,,,3442.5
2016-01-19,,,,3519.5
2016-01-20,,,,3399.5
2016-01-21,,,,3448.0
2016-01-22,,,,3516.0
2016-01-25,,,,3513.5
2016-01-26,,,,3531.5
2016-01-27,,,,3560.0
2016-01-28,,,,3506.5
2016-01-29,,,,3586.0
2016-02-01,,,,3560.5
2016-02-02,,,,3485.5
2016-02-03,,,,3434.0
2016-02-04,,,,3471.5
2016-02-05,,,,3452.0
2016-02-08,,,,3362.5
2016-02-09,,,,3330.5
2016-02-10,,,,3357.0
2016-02-11,,,,3291.0
2016-02-12,,,,3340.5
2016-02-15,,,,3419.5
2016-02-16,,,,3440.0
2016-02-17,,,,3521.5
2016-02-18,,,,3506.0
2016-02-19,,,,3489.0
2016-02-22,,,,3568.5
2016-02-23,,,,3535.5
2016-02-24,,,,3488.5
2016-02-25,,,,3558.5
2016-02-26,,,,3604.5
2016-02-29,,,,3580.0
2016-03-01,,,,3637.5
2016-03-02,,,,3622.5
2016-03-03,,,,3615.5
2016-03-04,,,,3653.0
2016-03-07,,,,3637.5
2016-03-08,,,,3621.0
2016-03-09,,,,3629.5
2016-03-10,,,,3600.5
2016-03-11,,,,3666.0
2016-03-14,,,,3691.0
2016-03-15,,,,3696.0
2016-03-16,,,,3704.5
2016-03-17,,,,3677.5
2016-03-18,,,,3683.5
2016-03-21,,,,3688.0
2016-03-22,,,,3716.5
2016-03-23,,,,3729.5
2016-03-24,,,,3661.0
2016-03-29,,,,3642.5
2016-03-30,,,,3714.0
2016-03-31,,,,3694.0
2016-04-01,,,,3688.5
2016-04-04,,,,3689.5
2016-04-05,,,,3657.0
2016-04-06,,,,3697.0
2016-04-07,,,,3672.0
2016-04-08,,,,3718.5
2016-04-11,,,,3707.0
2016-04-12,,,,3719.0
2016-04-13,,,,3776.5
2016-04-14,,,,3808.5
2016-04-15,,,,3796.0
2016-04-18,,,,3804.0
2016-04-19,,,,3839.5
2016-04-20,,,,3850.0
2016-04-21,,,,3840.0
2016-04-22,,,,3789.5
2016-04-25,,,,3750.5
2016-04-26,,,,3751.0
2016-04-27,,,,3774.0
2016-04-28,,,,3773.0
2016-04-29,,,,3730.5
2016-05-03,,,,3709.0
2016-05-04,,,,3672.0
2016-05-05,,,,3653.5
2016-05-06,,,,3667.5
2016-05-09,,,,3684.5
2016-05-10,,,,3696.5
2016-05-11,,,,3698.5
2016-05-12,,,,3663.5
2016-05-13,,,,3684.0
2016-05-16,,,,3688.0
2016-05-17,,,,3667.0
2016-05-18,,,,3647.5
2016-05-19,,,,3597.0
2016-05-20,,,,3653.0
2016-05-23,,,,3656.0
2016-05-24,,,,3683.0
2016-05-25,,,,3703.5
2016-05-26,,,,3729.5
2016-05-27,,,,3731.5
2016-05-31,,,,3731.0
2016-06-01,,,,3744.5
2016-06-02,,,,3744.5
2016-06-03,,,,3746.5
2016-06-06,,,,3783.5
2016-06-07,,,,3791.5
2016-06-08,,,,3791.5
2016-06-09,,,,3756.5
2016-06-10,,,,3686.5
2016-06-13,,,,3646.5
2016-06-14,,,,3581.0
2016-06-15,,,,3608.5
2016-06-16,,,,3587.0
2016-06-17,,,,3605.0
2016-06-20,,,,3664.0
2016-06-21,,,,3684.5
2016-06-22,,,,3704.5
2016-06-23,,,,3738.5
2016-06-24,,,,3689.5
2016-06-27,,,,3637.5
2016-06-28,,,,3707.0
2016-06-29,,,,3783.5
2016-06-30,,,,3883.0
2016-07-01,,,,3944.0
2016-07-04,,,,3907.5
2016-07-05,,,,3909.5
2016-07-06,,,,3876.0
2016-07-07,,,,3907.5
2016-07-08,,,,3951.5
2016-07-11,,,,4001.5
2016-07-12,,,,3985.5
2016-07-13,,,,4005.0
2016-07-14,,,,3993.0
2016-07-15,,,,3996.0
2016-07-18,,,,3993.0
2016-07-19,,,,3998.5
2016-07-20,,,,4027.5
2016-07-21,,,,4010.5
2016-07-22,,,,4036.0
2016-07-25,,,,4025.5
2016-07-26,,,,4040.0
2016-07-27,,,,4057.0
2016-07-28,,,,4054.5
2016-07-29,,,,4057.0
2016-08-01,,,,4062.5
2016-08-02,,,,3995.0
2016-08-03,,,,3972.0
2016-08-04,,,,4044.0
2016-08-05,,,,4085.5
2016-08-08,,,,4099.5
2016-08-09,,,,4162.5
2016-08-10,,,,4170.5
2016-08-11,,,,4222.0
2016-08-12,,,,4232.5
2016-08-15,,,,4262.5
2016-08-16,,,,4224.0
2016-08-17,,,,4176.0
2016-08-18,,,,4178.0
2016-08-19,,,,4174.0
2016-08-22,,,,4148.0
2016-08-23,,,,4176.0
2016-08-24,,,,4148.5
2016-08-25,,,,4139.5
2016-08-26,,,,4156.5
2016-08-30,,,,4161.5
2016-08-31,,,,4138.5
2016-09-01,,,,4096.0
2016-09-02,,,,4170.5
2016-09-05,,,,4162.0
2016-09-06,,,,4136.0
2016-09-07,,,,4178.0
2016-09-08,,,,4192.0
2016-09-09,,,,4144.0
2016-09-12,,,,4088.0
2016-09-13,,,,4091.5
2016-09-14,,,,4096.0
2016-09-15,,,,4107.0
2016-09-16,,,,4078.0
2016-09-19,,,,4139.5
2016-09-20,,,,4163.5
2016-09-21,,,,4172.5
2016-09-22,,,,4225.0
2016-09-23,,,,4238.0
2016-09-26,,,,4184.5
2016-09-27,,,,4151.5
2016-09-28,,,,4178.0
2016-09-29,,,,4204.0
2016-09-30,,,,4202.5
2016-10-03,,,,4250.0
2016-10-04,,,,4307.0
2016-10-05,,,,4292.0
2016-10-06,,,,4301.5
2016-10-07,,,,4334.0
2016-10-10,,,,4374.0
2016-10-11,,,,4368.0
2016-10-12,,,,4339.5
2016-10-13,,,,4308.5
2016-10-14,,,,4351.0
2016-10-17,,,,4322.0
2016-10-18,,,,4335.0
2016-10-19,,,,4350.5
2016-10-20,,,,4358.5
2016-10-21,,,,4354.5
2016-10-24,,,,4362.5
2016-10-25,,,,4361.5
2016-10-26,,,,4332.5
2016-10-27,,,,4354.0
2016-10-28,,,,4359.5
2016-10-31,,,,4329.0
2016-11-01,,,,4302.0
2016-11-02,,,,4264.5
2016-11-03,,,,4207.5
2016-11-04,,,,4155.0
2016-11-07,,,,4222.0
2016-11-08,,,,4246.0
2016-11-09,,,,4240.0
2016-11-10,,,,4195.0
2016-11-11,,,,4136.0
2016-11-14,,,,4147.0
2016-11-15,,,,4178.0
2016-11-16,,,,4143.5
2016-11-17,,,,4154.5
2016-11-18,,,,4158.0
2016-11-21,,,,4127.5
2016-11-22,,,,4147.0
2016-11-23,,,,4127.0
2016-11-24,,,,4133.5
2016-11-25,,,,4154.5
2016-11-28,,,,4127.0
2016-11-29,,,,4122.0
2016-11-30,,,,4129.5
2016-12-01,,,,4097.5
2016-12-02,,,,4077.0
2016-12-05,,,,4111.0
2016-12-06,,,,4149.0
2016-12-07,,,,4230.0
2016-12-08,,,,4248.0
2016-12-09,,,,4250.5
2016-12-12,,,,4224.5
2016-12-13,,,,4284.5
2016-12-14,,,,4265.5
2016-12-15,,,,4295.0
2016-12-16,,,,4295.5
2016-12-19,,,,4322.5
2016-12-20,,,,4338.0
2016-12-22,,,,4365.0
2016-12-30,,,,4404.0
2017-01-03,,,,4431.0
2017-01-04,,,,4442.5
2017-01-05,,,,4447.5
2017-01-11,,,,4514.5
2017-01-12,,,,4515.0
2017-01-17,,,,4473.0
2017-01-18,,,,4487.5
2017-01-19,,,,4464.5
2017-01-20,,,,4477.5
2017-01-23,,,,4427.5
2017-01-26,,,,4442.0
2017-01-27,,,,4458.0
2017-01-30,,,,4415.5
2017-01-31,,,,4416.0
2017-02-03,,,,4486.5
2017-02-06,,,,4452.0
2017-02-07,,,,4433.5
2017-02-08,,,,4432.5
2017-02-14,,,,4481.5
2017-02-17,,,,4516.5
2017-02-20,,,,4514.5
2017-02-22,,,,4509.5
2017-02-23,,,,4489.0
2017-02-24,,,,4477.5
2017-03-01,,,,4597.5
2017-03-06,,,,4614.5
2017-03-08,,,,4627.5
2017-03-09,,,,4638.0
2017-03-10,,,,4680.5
2017-03-14,,,,4667.0
2017-03-16,,,,4688.5
2017-03-17,,,,4693.0
2017-03-20,,,,4700.5
2017-03-21,,,,4655.5
2017-03-22,,,,4635.0
2017-03-23,,,,4647.0
2017-03-24,,,,4663.0
2017-03-27,,,,4648.5
2017-03-28,,,,4692.0
2017-03-29,,,,4697.0
2017-03-30,,,,4685.5
2017-04-03,,,,4647.5
2017-04-04,,,,4667.5
2017-04-05,,,,4659.0
2017-04-06,,,,4664.0
2017-04-07,,,,4682.5
2017-04-10,,,,4674.5
2017-04-11,,,,4659.5
2017-04-13,,,,4635.0
2017-04-18,,,,4535.5
2017-04-19,,,,4527.5
2017-04-20,,,,4553.0
2017-04-21,,,,4542.0
2017-04-24,,,,4705.5
2017-04-25,,,,4731.0
2017-04-26,,,,4723.5
2017-05-02,,,,4720.0
2017-05-03,,,,4728.0
2017-05-04,,,,4776.5
2017-05-05,,,,4811.0
2017-05-09,,,,4800.5
2017-05-11,,,,4806.0
2017-05-15,,,,4862.5
2017-05-17,,,,4868.5
2017-05-18,,,,4819.5
2017-05-19,,,,4866.0
2017-05-22,,,,4894.5
2017-05-23,,,,4907.5
2017-05-24,,,,4902.0
2017-05-26,,,,4953.5
2017-05-30,,,,4914.0
2017-05-31,,,,4927.5
2017-06-01,,,,4942.5
2017-06-02,,,,4980.0
2017-06-05,,,,4940.5
2017-06-06,,,,4939.5
2017-06-07,,,,4900.0
2017-06-09,,,,4974.0
2017-06-13,,,,4967.0
2017-06-14,,,,4967.0
2017-06-15,,,,4901.0
2017-06-20,,,,4987.0
2017-06-21,,,,4966.0
2017-06-23,,,,4949.5
2017-06-26,,,,4973.5
2017-06-28,,,,4926.5
2017-06-29,,,,4870.0
2017-06-30,,,,4839.5
2017-07-03,,,,4896.0
2017-07-04,,,,4889.5
2017-07-05,,,,4884.0
2017-07-06,,,,4866.0
2017-07-07,,,,4883.5
2017-07-10,,,,4906.5
2017-07-11,,,,4901.0
2017-07-13,,,,4947.5
2017-07-14,,,,4917.0
2017-07-17,,,,4942.5
2017-07-18,,,,4945.5
2017-07-19,,,,4947.5
2017-07-20,,,,5003.0
2017-07-24,,,,4919.0
2017-07-25,,,,4953.5
2017-07-26,,,,4957.5
2017-07-27,,,,4953.0
2017-08-03,,,,4978.5
2017-08-04,,,,5014.0
2017-08-07,,,,5026.0
2017-08-09,,,,4987.5
2017-08-10,,,,4949.0
2017-08-11,,,,4917.0
2017-08-14,,,,4964.9
2017-08-15,,,,4996.5
2017-08-16,,,,5018.5
2017-08-17,,,,5000.5
2017-08-18,,,,4979.0
2017-08-23,,,,5025.5
2017-08-24,,,,5029.5
2017-08-25,,,,5024.5
2017-08-29,,,,4984.5
2017-08-30,,,,4982.0
2017-08-31,,,,5024.5
2017-09-01,,,,5011.5
2017-09-04,,,,5009.0
2017-09-06,,,,4970.5
2017-09-07,,,,5004.5
2017-09-08,,,,4983.0
2017-09-12,,,,5002.5
2017-09-13,,,,5002.5
2017-09-14,,,,4938.0
2017-09-15,,,,4881.5
2017-09-18,,,,4925.5
2017-09-19,,,,4932.5
2017-09-20,,,,4927.0
2017-09-21,,,,4919.0
2017-09-22,,,,4945.5
2017-09-25,,,,4929.5
2017-09-26,,,,4924.9
2017-09-27,,,,4931.0
2017-09-28,,,,4940.5
2017-09-29,,,,4987.5
2017-10-02,,,,5031.5
2017-10-03,,,,5059.5
2017-10-04,,,,5045.5
2017-10-05,,,,5089.5
2017-10-06,,,,5109.5
2017-10-10,,,,5089.0
2017-10-11,,,,5113.0
2017-10-12,,,,5127.0
2017-10-13,,,,5093.5
2017-10-16,,,,5086.5
2017-10-17,,,,5095.5
2017-10-18,,,,5107.5
2017-10-19,,,,5100.0
2017-10-23,,,,5083.5
2017-10-24,,,,5104.0
2017-10-25,,,,5036.5
2017-10-26,,,,5079.0
2017-10-27,,,,5078.5
2017-10-30,,,,5061.5
2017-10-31,,,,5068.5
2017-11-01,,,,5081.0
2017-11-02,,,,5151.5
2017-11-03,,,,5135.5
2017-11-06,,,,5118.5
2017-11-07,,,,5078.5
2017-11-08,,,,5092.0
2017-11-10,,,,5010.0
2017-11-13,,,,5018.5
2017-11-14,,,,5026.5
2017-11-15,,,,5004.0
2017-11-16,,,,5012.0
2017-11-17,,,,4998.5
2017-11-20,,,,5000.0
2017-11-21,,,,5020.5
2017-11-22,,,,5009.5
2017-11-23,,,,5028.0
2017-11-24,,,,5047.0
2017-11-27,,,,5020.0
2017-11-28,,,,5070.5
2017-11-29,,,,4998.0
2017-11-30,,,,4977.5
2017-12-01,,,,4943.0
2017-12-04,,,,4982.0
2017-12-05,,,,4977.0
2017-12-06,,,,4977.0
2017-12-07,,,,4971.0
2017-12-11,,,,5027.0
2017-12-14,,,,4998.0
2017-12-15,,,,5015.5
2017-12-18,,,,5061.0
2017-12-19,0.0,,,5061.5
2017-12-20,,,,5027.5
2017-12-21,,,,5074.5
2017-12-22,,,,5048.0
2017-12-28,,,,5056.5
2018-01-02,,,,5028.0
2018-01-03,,,,5082.0
2018-01-04,,,,5136.5
2018-01-05,,,,5155.5
2018-01-08,,,,5147.0
2018-01-09,,,,5168.0
2018-01-10,,,,5164.0
2018-01-11,,,,5175.5
2018-01-12,,,,5177.0
2018-01-15,,,,5181.0
2018-01-16,,,,5173.0
2018-01-17,,,,5150.0
2018-01-18,,,,5135.0
2018-01-19,,,,5181.0
2018-01-22,,,,5160.5
2018-01-23,,,,5165.5
2018-01-24,,,,5110.5
2018-01-25,,,,5100.5
2018-01-26,,,,5140.0
2018-01-29,,,,5139.0
2018-01-30,,,,5092.0
2018-01-31,,,,5057.5
2018-02-01,,,,5028.0
2018-02-02,,,,4994.8
2018-02-05,,,,4945.5
2018-02-06,,,,4829.3
2018-02-07,,,,4913.5
2018-02-08,,,,4787.0
2018-02-09,,,,4758.3
2018-02-12,,,,4847.0
2018-02-13,,,,4817.0
2018-02-15,,,,4879.3
2018-02-16,,,,4926.5
2018-02-21,,,,4915.8
2018-02-22,0.0,,,4926.0
2018-02-23,,,,4904.0
2018-02-26,,,,4949.3
2018-02-27,,,,4928.3
2018-02-28,,,,4919.5
2018-03-01,,,,4867.3
2018-03-02,,,,4805.5
2018-03-05,,,,4837.0
2018-03-06,0.0,,,4862.3
2018-03-07,,,,4865.0
2018-03-08,,,,4916.5
2018-03-12,0.0,,,4921.3
2018-03-13,,,,4867.3
2018-03-14,,,,4866.5
2018-03-15,,,,4879.8
2018-03-16,,,,4883.0
2018-03-19,,,,4808.5
2018-03-20,,,,4820.5
2018-03-21,,,,4786.0
2018-03-22,0.0,,,4716.5
2018-03-23,,,,4684.5
2018-03-26,,,,4650.8
2018-03-27,,,,4722.0
2018-03-28,,,,4733.3
2018-03-29,,,,4781.0
2018-04-03,,,,4730.0
2018-04-04,,,,4712.3
2018-04-05,,,,4833.0
2018-04-06,,,,4795.5
2018-04-12,,,,4819.8
2018-04-13,,,,4821.0
2018-04-16,,,,4801.0
2018-04-17,,,,4843.0
2018-04-18,,,,4892.8
2018-04-23,,,,4948.5
2018-04-24,,,,4937.0
2018-04-25,,,,4901.3
2018-04-26,,,,4925.3
2018-04-27,,,,4988.8
2018-05-01,,,,4998.8
2018-05-02,,,,5050.0
2018-05-03,,,,5023.0
2018-05-04,,,,5059.5
2018-05-08,,,,5072.5
2018-05-09,,,,5085.5
2018-05-10,,,,5139.0
2018-05-11,,,,5143.0
2018-05-14,,,,5137.0
2018-05-15,,,,5132.5
2018-05-16,,,,5117.0
2018-05-17,,,,5136.5
2018-05-18,,,,5132.0
2018-05-21,,,,5181.0
2018-05-22,,,,5201.5
2018-05-23,,,,5126.5
2018-05-24,,,,5106.5
2018-05-25,,,,5104.0
2018-05-29,,,,4996.5
2018-05-30,,,,5016.5
2018-05-31,,,,5014.0
2018-06-01,,,,5035.0
2018-06-04,,,,5081.0
2018-06-05,,,,5044.5
2018-06-07,,,,5067.0
2018-06-10,,,,5038.0
2018-06-12,,,,5085.5
2018-06-13,,,,5098.0
2018-06-15,,,,5076.5
2018-06-19,,,,5019.0
2018-06-20,,,,5032.5
2018-06-21,,,,4971.0
2018-06-25,,,,4953.5
2018-06-26,,,,4963.0
2018-06-27,,,,4994.3
2018-06-28,,,,4974.0
2018-06-29,,,,5021.5
2018-07-02,,,,4971.5
2018-07-03,,,,5012.5
2018-07-05,,,,5043.5
2018-07-09,,,,5100.0
2018-07-11,,,,5044.0
2018-07-12,,,,5072.0
2018-07-13,,,,5078.5
2018-07-18,,,,5155.0
2018-07-20,,,,5145.5
2018-07-23,,,,5129.5
2018-07-24,,,,5163.0
2018-07-26,,,,5169.0
2018-07-27,,,,5198.0
2018-07-30,,,,5199.5
2018-07-31,,,,5223.0
2018-08-01,,,,5173.0
2018-08-02,,,,5143.5
2018-08-03,,,,5179.5
2018-08-07,,,,5223.0
2018-08-08,,,,5242.0
2018-08-09,,,,5244.0
2018-08-13,,,,5147.5
2018-08-15,,,,5051.0
2018-08-17,,,,5108.5
2018-08-20,,,,5142.5
2018-08-21,,,,5153.0
2018-08-22,,,,5162.5
2018-08-23,,,,5171.0
2018-08-24,,,,5188.5
2018-08-29,,,,5200.5
2018-08-30,,,,5164.5
2018-09-01,,,,5108.0
2018-09-03,,,,5160.5
2018-09-04,,,,5117.0
2018-09-05,,,,5059.0
2018-09-06,,,,5015.0
2018-09-07,,,,4997.3
2018-09-10,,,,5006.0
2018-09-11,,,,4999.3
2018-09-12,,,,5030.5
2018-09-13,,,,5019.0
2018-09-14,,,,5039.5
2018-09-17,,,,5032.0
2018-09-18,,,,5032.5
2018-09-19,,,,5045.0
2018-09-20,,,,5082.0
2018-09-21,,,,5165.0
2018-09-24,,,,5132.0
2018-09-25,,,,5145.5
2018-09-27,,,,5157.0
2018-09-28,,,,5119.0
2018-10-01,,,,5113.5
2018-10-02,,,,5103.5
2018-10-03,,,,5113.0
2018-10-04,,,,5041.5
2018-10-05,,,,4971.0
2018-10-08,,,,4915.8
2018-10-09,,,,4911.8
2018-10-10,,,,4830.0
2018-10-11,,,,4739.3
2018-10-12,,,,4740.8
2018-10-15,,,,4763.8
2018-10-16,,,,4809.0
2018-10-17,,,,4795.8
2018-10-18,,,,4782.5
2018-10-19,,,,4787.0
2018-10-22,,,,4783.5
2018-10-23,,,,4715.5
2018-10-24,,,,4693.5
2018-10-25,,,,4741.0
2018-10-26,,,,4687.3
2018-10-29,,,,4760.0
2018-10-30,,,,4782.3
2018-10-31,,,,4833.3
2018-11-01,,,,4790.8
2018-11-02,,,,4812.5
2018-11-05,,,,4795.8
2018-11-06,,,,4761.8
2018-11-07,,,,4806.5
2018-11-08,,,,4804.3
2018-11-09,,,,4802.0
2018-11-12,,,,4774.8
2018-11-13,,,,4762.3
2018-11-14,,,,4748.5
2018-11-15,,,,4796.0
2018-11-16,,,,4803.5
2018-11-19,,,,4777.5
2018-11-20,,,,4716.0
2018-11-21,,,,4784.5
2018-11-22,,,,4718.8
2018-11-23,,,,4733.0
2018-11-26,,,,4791.8
2018-11-27,,,,4782.8
2018-11-28,,,,4776.3
2018-11-29,,,,4821.0
2018-11-30,,,,4783.8
2018-12-03,,,,4862.8
2018-12-04,,,,4830.5
2018-12-06,,,,4602.8
2018-12-07,,,,4671.0
2018-12-10,,,,4644.0
2018-12-11,,,,4711.5
2018-12-12,,,,4750.8
2018-12-13,,,,4743.0
2018-12-14,,,,4712.5
2018-12-17,,,,4674.5
2018-12-18,,,,4632.5
2018-12-19,,,,4667.3
2018-12-20,,,,4593.0
2018-12-23,,,,4572.5
2018-12-24,,,,4527.8
2018-12-28,,,,4578.3
2019-01-02,,,,4589.8
2019-01-03,,,,4567.3
2019-01-04,,,,4652.8
2019-01-07,,,,4647.5
2019-01-08,,,,4696.5
2019-01-09,,,,4740.8
2019-01-10,,,,4734.3
2019-01-11,,,,4704.0
2019-01-14,,,,4657.3
2019-01-15,,,,4694.3
2019-01-17,,,,4651.5
2019-01-21,,,,4727.0
2019-01-22,,,,4685.8
2019-01-23,,,,4654.3
2019-01-24,,,,4660.0
2019-01-25,,,,4664.5
2019-01-29,,,,4672.0
2019-01-30,,,,4716.0
2019-01-31,,,,4715.3
2019-02-01,,,,4753.8
2019-02-05,,,,4850.5
2019-02-07,,,,4762.8
2019-02-08,,,,4731.5
2019-02-13,,,,4828.3
2019-02-14,,,,4849.3
2019-02-15,,,,4884.5
2019-02-19,,,,4840.0
2019-02-21,,,,4856.5
2019-02-22,,,,4874.3
2019-02-26,,,,4841.0
2019-02-27,,,,4803.5
2019-03-01,,,,4859.8
2019-03-04,,,,4867.3
2019-03-05,,,,4885.0
2019-03-06,,,,4888.5
2019-03-07,,,,4846.5
2019-03-11,,,,4840.0
2019-03-13,,,,4856.3
2019-03-14,,,,4877.0
2019-03-15,,,,4913.5
2019-03-19,,,,4977.0
2019-03-20,,,,4961.0
2019-03-21,,,,5022.5
2019-03-22,,,,4864.8
2019-03-26,,,,4879.5
2019-03-27,,,,4864.3
2019-03-28,,,,4899.5
2019-03-29,,,,4950.0
2019-04-01,,,,4970.5
2019-04-02,,,,5012.5
2019-04-03,,,,5030.0
2019-04-05,,,,5082.0
2019-04-08,,,,5072.0
2019-04-09,,,,5059.5
2019-04-10,,,,5048.5
2019-04-11,,,,5067.5
2019-04-12,,,,5081.5
2019-04-15,,,,5092.0
2019-04-16,,,,5127.5
2019-04-17,,,,5135.5
2019-04-23,,,,5164.0
2019-04-24,,,,5143.5
2019-04-25,,,,5129.5
2019-04-26,,,,5145.0
2019-04-29,,,,5157.0
2019-04-30,,,,5135.0
2019-05-01,,,,5129.5
2019-05-02,,,,5097.5
2019-05-03,,,,5076.0
2019-05-07,,,,4991.8
2019-05-08,,,,5031.0
2019-05-09,,,,4958.3
2019-05-10,,,,4983.3
2019-05-13,,,,4944.8
2019-05-14,,,,4995.8
2019-05-15,,,,5039.0
2019-05-16,,,,5123.5
2019-05-19,,,,5126.5
2019-05-21,,,,5096.0
2019-05-22,,,,5134.5
2019-05-23,,,,5059.5
2019-05-28,,,,5098.5
2019-05-29,,,,5029.0
2019-05-30,,,,5067.5
2019-05-31,,,,5025.0
2019-06-04,,,,5095.5
2019-06-05,,,,5095.0
2019-06-06,,,,5111.5
2019-06-07,,,,5166.5
2019-06-11,,,,5216.5
2019-06-12,,,,5199.0
2019-06-13,,,,5202.5
2019-06-14,,,,5191.0
2019-06-18,,,,5296.0
2019-06-19,,,,5268.5
2019-06-20,,,,5297.0
2019-06-21,,,,5281.5
2019-06-24,,,,5295.0
2019-06-25,,,,5292.0
2019-06-26,,,,5285.5
2019-06-28,,,,5316.0
2019-07-01,,,,5346.5
2019-07-02,,,,5384.5
2019-07-03,,,,5430.0
2019-07-04,,,,5430.5
2019-07-05,,,,5392.0
2019-07-08,,,,5389.0
2019-07-09,,,,5380.5
2019-07-10,,,,5374.0
2019-07-11,,,,5346.0
2019-07-13,,,,5339.5
2019-07-14,,,,5339.5
2019-07-15,,,,5377.5
2019-07-16,,,,5416.0
2019-07-17,,,,5390.5
2019-07-19,,,,5350.5
2019-07-22,,,,5363.5
2019-07-23,,,,5410.5
2019-07-25,,,,5368.5
2019-07-27,,,,5408.0
2019-07-30,,,,5450.5
2019-07-31,,,,5420.5
2019-08-01,,,,5451.5
2019-08-02,,,,5345.5
2019-08-05,,,,5248.0
2019-08-06,,,,5223.5
2019-08-07,,,,5240.5
2019-08-08,,,,5328.0
2019-08-10,,,,5316.0
2019-08-11,,,,5316.0
2019-08-13,,,,5335.5
2019-08-14,,,,5214.0
2019-08-15,,,,5169.0
2019-08-16,,,,5217.0
2019-08-20,,,,5232.5
2019-08-21,,,,5302.5
2019-08-22,,,,5226.5
2019-08-23,,,,5208.0
2019-08-27,,,,5204.5
2019-08-28,,,,5223.0
2019-08-29,,,,5279.5
2019-08-30,,,,5286.5
2019-09-02,,,,5349.0
2019-09-03,,,,5324.5
2019-09-04,,,,5362.5
2019-09-05,,,,5344.5
2019-09-06,,,,5372.0
2019-09-10,,,,5349.5
2019-09-11,,,,5375.5
2019-09-12,,,,5411.0
2019-09-13,,,,5390.0
2019-09-16,,,,5345.5
2019-09-17,,,,5332.5
2019-09-18,,,,5339.0
2019-09-19,,,,5365.0
2019-09-20,,,,5349.5
2019-09-23,,,,5334.0
2019-09-24,,,,5322.0
2019-09-26,,,,5342.5
2019-09-27,,,,5389.5
2019-09-30,,,,5392.5
2019-10-01,,,,5361.5
2019-10-02,,,,5203.5
2019-10-03,,,,5175.0
2019-10-04,,,,5245.5
2019-10-07,,,,5285.0
2019-10-08,,,,5263.5
2019-10-09,,,,5286.0
2019-10-11,,,,5270.5
2019-10-15,,,,5277.0
2019-10-16,,,,5247.5
2019-10-17,,,,5262.0
2019-10-19,,,,5243.5
2019-10-20,,,,5243.5
2019-10-21,,,,5233.0
2019-10-22,,,,5253.0
2019-10-23,,,,5274.5
2019-10-24,,,,5314.5
2019-10-25,,,,5317.0
2019-10-28,,,,5334.0
2019-10-29,,,,5313.0
2019-10-30,,,,5332.0
2019-10-31,,,,5304.5
2019-11-02,,,,5329.5
2019-11-03,,,,5329.5
2019-11-04,,,,5389.5
2019-11-05,,,,5384.5
2019-11-07,,,,5416.0
2019-11-08,,,,5405.5
2019-11-12,,,,5407.5
2019-11-13,,,,5382.5
2019-11-14,,,,5356.5
2019-11-15,,,,5380.0
2019-11-18,,,,5366.0
2019-11-19,,,,5374.0
2019-11-20,,,,5358.0
2019-11-21,,,,5341.5
2019-11-22,,,,5380.5
2019-11-25,,,,5395.5
2019-11-26,,,,5428.0
2019-11-27,,,,5415.0
2019-11-28,,,,5403.5
2019-11-29,,,,5381.5
2019-12-03,,,,5263.5
2019-12-04,,,,5279.0
2019-12-05,,,,5265.0
2019-12-07,,,,5316.0
2019-12-08,,,,5316.0
2019-12-10,,,,5284.5
2019-12-12,,,,5353.0
2019-12-13,,,,5314.5
2019-12-16,,,,5406.0
2019-12-18,,,,5463.0
2019-12-19,,,,5485.0
2019-12-20,,,,5497.5
2019-12-23,,,,5557.5
2019-12-27,,,,5542.5
2019-12-30,,,,5500.0
2019-12-31,,,,5469.5
2020-01-02,,,,5529.0
2020-01-03,,,,5523.0
2020-01-06,,,,5479.5
2020-01-09,,,,5517.0
2020-01-11,,,,5520.5
2020-01-12,,,,5520.5
2020-01-14,,,,5549.5
2020-01-15,,,,5555.0
2020-01-16,,,,5541.0
2020-01-18,,,,5589.5
2020-01-19,,,,5589.5
2020-01-20,,,,5595.0
2020-01-21,,,,5567.5
2020-01-22,,,,5517.0
2020-01-23,,,,5471.5
2020-01-24,,,,5528.5
2020-01-27,,,,5404.0
2020-01-29,,,,5487.0
2020-01-31,,,,5336.0
2020-02-03,,,,5406.0
2020-02-04,,,,5472.5
2020-02-05,,,,5542.0
2020-02-08,,,,5556.5
2020-02-09,,,,5556.5
2020-02-10,,,,5539.5
2020-02-11,,,,5583.5
2020-02-12,,,,5587.0
2020-02-13,,,,5523.5
2020-02-18,,,,5507.5
2020-02-19,,,,5577.0
2020-02-20,,,,5571.5
2020-02-21,,,,5525.0
2020-02-24,,,,5331.5
2020-02-25,,,,5215.0
2020-02-26,,,,5258.0
2020-02-27,,,,5137.5
2020-02-28,,,,4996.0
2020-03-02,,,,5082.0
2020-03-03,,,,5125.0
2020-03-04,,,,5190.5
2020-03-05,,,,5111.5
2020-03-06,,,,4935.0
2020-03-09,,,,4571.0
2020-03-10,,,,4556.8
2020-03-11,,,,4501.0
2020-03-12,,,,4068.2
2020-03-13,,,,4113.8
2020-03-16,,,,3997.8
2020-03-17,,,,4117.2
2020-03-18,,,,4012.5
2020-03-19,,,,4111.8
2020-03-20,,,,4120.0
2020-03-23,,,,4067.8
2020-03-24,,,,4316.8
2020-03-25,,,,4460.5
2020-03-26,,,,4513.8
2020-03-27,,,,4309.0
2020-03-30,,,,4373.0
2020-03-31,,,,4400.0
2020-04-01,,,,4248.8
2020-04-02,,,,4253.8
2020-04-03,,,,4242.5
2020-04-06,,,,4397.0
2020-04-07,,,,4481.0
2020-04-08,,,,4441.5
2020-04-09,,,,4527.5
2020-04-14,,,,4513.5
2020-04-15,,,,4376.8
2020-04-16,,,,4409.0
2020-04-17,,,,4499.0
2020-04-20,,,,4543.8
2020-04-21,,,,4452.5
2020-04-22,,,,4504.3
2020-04-23,,,,4526.3
2020-04-24,,,,4480.8
2020-04-27,,,,4547.3
2020-04-28,,,,4621.5
2020-04-29,,,,4717.0
2020-04-30,,,,4579.8
2020-05-01,,,,4519.0
2020-05-04,,,,4484.0
2020-05-05,,,,4544.8
2020-05-06,,,,4549.0
2020-05-07,,,,4610.8
2020-05-11,,,,4630.8
2020-05-12,,,,4680.3
2020-05-13,,,,4607.3
2020-05-14,,,,4502.5
2020-05-15,,,,4556.0
2020-05-18,,,,4741.0
2020-05-19,,,,4724.3
2020-05-20,,,,4785.5
2020-05-21,,,,4738.3
2020-05-22,,,,4729.5
2020-05-26,,,,4827.5
2020-05-27,,,,4882.8
2020-05-28,,,,4968.8
2020-05-29,,,,4894.5
2020-06-01,,,,4936.8
2020-06-02,,,,4976.8
2020-06-04,,,,5116.5
2020-06-05,,,,5188.0
2020-06-08,,,,5181.5
2020-06-09,,,,5126.5
2020-06-10,,,,5100.5
2020-06-11,,,,4955.0
2020-06-12,,,,4933.3
2020-06-15,,,,4929.8
2020-06-16,,,,5056.5
2020-06-17,,,,5101.5
2020-06-18,,,,5102.0
2020-06-19,,,,5149.0
2020-06-22,,,,5106.5
2020-06-23,,,,5181.5
2020-06-24,,,,5043.5
2020-06-25,,,,5074.5
2020-06-26,,,,5082.5
2020-06-29,,,,5146.5
2020-06-30,,,,5106.0
2020-07-01,,,,5080.5
2020-07-02,,,,5167.0
2020-07-03,,,,5122.5
2020-07-06,,,,5233.5
2020-07-07,,,,5160.0
2020-07-08,,,,5138.0
2020-07-09,,,,5080.0
2020-07-10,,,,5108.0
2020-07-13,,,,5206.5
2020-07-14,,,,5200.0
2020-07-15,,,,5282.0
2020-07-16,,,,5259.5
2020-07-17,,,,5297.5
2020-07-20,,,,5290.0
2020-07-21,,,,5290.0
2020-07-22,,,,5291.5
2020-07-23,,,,5290.0
2020-07-24,,,,5200.0
2020-07-27,,,,5202.5
2020-07-28,,,,5185.5
2020-07-29,,,,5190.5
2020-07-30,,,,5046.5
2020-07-31,,,,4994.0
2020-08-03,,,,5085.5
2020-08-04,,,,5080.0
2020-08-05,,,,5124.0
2020-08-06,,,,5079.5
2020-08-07,,,,5090.0
2020-08-10,,,,5089.5
2020-08-11,,,,5182.0
2020-08-12,,,,5271.0
2020-08-13,,,,5244.5
2020-08-14,,,,5168.5
2020-08-17,,,,5208.5
2020-08-18,,,,5143.0
2020-08-19,,,,5186.0
2020-08-20,,,,5123.5
2020-08-21,,,,5106.5
2020-08-24,,,,5213.0
2020-08-25,,,,5185.0
2020-08-26,,,,5200.0
2020-08-27,,,,5153.0
2020-08-28,,,,5110.0
2020-09-01,,,,5046.0
2020-09-02,,,,5126.5
2020-09-03,,,,5065.0
2020-09-04,,,,5021.5
2020-09-07,,,,5130.5
2020-09-08,,,,5118.0
2020-09-09,,,,5225.5
2020-09-10,,,,5279.0
2020-09-11,,,,5303.0
2020-09-14,,,,5287.0
2020-09-15,,,,5321.0
2020-09-16,,,,5278.5
2020-09-17,,,,5270.5
2020-09-18,,,,5256.5
2020-09-21,,,,5086.5
2020-09-22,,,,5125.0
2020-09-23,,,,5122.5
2020-09-24,,,,5067.0
2020-09-25,,,,5050.5
2020-09-28,,,,5129.0
2020-09-29,,,,5131.0
2020-09-30,,,,5104.0
2020-10-01,,,,5124.5
2020-10-02,,,,5105.0
2020-10-05,,,,5169.0
2020-10-06,,,,5178.5
2020-10-07,,,,5172.5
2020-10-08,,,,5210.5
2020-10-09,,,,5228.5
2020-10-12,,,,5237.0
2020-10-13,,,,5217.5
2020-10-14,,,,5204.0
2020-10-15,,,,5106.5
2020-10-16,,,,5189.5
2020-10-19,,,,5180.0
2020-10-20,,,,5197.5
2020-10-21,,,,5064.0
2020-10-22,,,,5065.5
2020-10-23,,,,5114.5
2020-10-26,,,,5034.0
2020-10-27,,,,4975.3
2020-10-28,,,,4816.5
2020-10-29,,,,4806.0
2020-10-30,,,,4806.0
2020-11-02,,,,4887.3
2020-11-03,,,,4976.0
2020-11-04,,,,5102.0
2020-11-05,,,,5151.5
2020-11-06,,,,5146.0
2020-11-09,,,,5341.5
2020-11-10,,,,5362.0
2020-11-11,,,,5404.0
2020-11-12,,,,5405.0
2020-11-13,,,,5398.0
2020-11-16,,,,5460.0
2020-11-17,,,,5429.5
2020-11-18,,,,5438.0
2020-11-19,,,,5410.5
2020-11-20,,,,5417.0
2020-11-23,,,,5404.5
2020-11-24,,,,5447.5
2020-11-25,,,,5449.0
2020-11-26,,,,5463.0
2020-11-27,,,,5512.5
2020-11-30,,,,5456.5
2020-12-01,,,,5491.0
2020-12-02,,,,5537.5
2020-12-03,,,,5508.0
2020-12-04,,,,5542.5
2020-12-07,,,,5581.0
2020-12-08,,,,5576.0
2020-12-09,,,,5574.0
2020-12-10,,,,5612.5
2020-12-11,,,,5587.0
2020-12-14,,,,5578.0
2020-12-15,,,,5556.0
2020-12-16,,,,5581.0
2020-12-17,,,,5596.0
2020-12-18,,,,5613.5
2020-12-21,,,,5542.0
2020-12-22,,,,5582.0
2020-12-23,,,,5581.0
2020-12-24,,,,5557.5
2020-12-29,,,,5691.5
2020-12-30,,,,5648.0
2020-12-31,,,,5603.5
2021-01-04,,,,5668.0
2021-01-05,,,,5652.0
2021-01-06,,,,5768.0
2021-01-07,,,,5784.0
2021-01-08,,,,5792.0
2021-01-11,,,,5746.0
2021-01-12,,,,5694.5
2021-01-13,,,,5701.0
2021-01-14,,,,5705.5
2021-01-15,,,,5674.0
2021-01-18,,,,5678.0
2021-01-19,,,,5677.0
2021-01-20,,,,5688.0
2021-01-21,,,,5681.5
2021-01-22,,,,5686.0
2021-01-25,,,,5614.0
2021-01-26,,,,5642.5
2021-01-27,,,,5562.0
2021-01-28,,,,5570.0
2021-01-29,,,,5469.0
2021-02-01,,,,5524.5
2021-02-02,,,,5583.5
2021-02-03,,,,5585.5
2021-02-04,,,,5598.0
2021-02-05,,,,5592.5
2021-02-08,,,,5621.0
2021-02-09,,,,5613.0
2021-02-10,,,,5596.0
2021-02-11,,,,5628.5
2021-02-12,,,,5653.0
2021-02-15,,,,5711.0
2021-02-16,,,,5692.0
2021-02-17,,,,5644.5
2021-02-18,,,,5576.0
2021-02-19,,,,5614.5
2021-02-22,,,,5578.0
2021-02-23,,,,5538.0
2021-02-24,,,,5561.0
2021-02-25,,,,5584.0
2021-02-26,,,,5490.0
2021-03-01,,,,5571.5
2021-03-02,,,,5591.0
2021-03-03,,,,5580.0
2021-03-04,,,,5550.0
2021-03-05,,,,5518.5
2021-03-08,,,,5616.0
2021-03-09,,,,5642.0
2021-03-10,,,,5659.0
2021-03-11,,,,5689.0
2021-03-12,,,,5689.0
2021-03-15,,,,5696.0
2021-03-16,,,,5723.5
2021-03-17,,,,5716.5
2021-03-18,,,,5722.5
2021-03-19,,,,5698.0
2021-03-22,,,,5727.0
2021-03-23,,,,5711.5
2021-03-24,,,,5719.5
2021-03-25,,,,5686.0
2021-03-26,,,,5725.5
2021-03-29,,,,5738.0
2021-03-30,,,,5780.0
2021-03-31,,,,5748.0
2021-04-01,,,,5771.5
2021-04-06,,,,5839.5
2021-04-07,,,,5889.0
2021-04-08,,,,5936.5
2021-04-09,,,,5943.5
2021-04-12,,,,5923.5
2021-04-13,,,,5938.5
2021-04-14,,,,5946.5
2021-04-15,,,,5976.5
2021-04-16,,,,6020.5
2021-04-19,,,,5974.5
2021-04-20,,,,5880.5
2021-04-21,,,,5940.0
2021-04-22,,,,5999.5
2021-04-23,,,,6013.0
2021-04-26,,,,6019.5
2021-04-27,,,,5988.5
2021-04-28,,,,6017.0
2021-04-29,,,,5994.5
2021-04-30,,,,5996.0
2021-05-04,,,,5905.5
2021-05-05,,,,6002.0
2021-05-06,,,,6033.5
2021-05-07,,,,6092.0
2021-05-10,,,,6049.0
2021-05-11,,,,5917.0
2021-05-12,,,,5930.5
2021-05-13,,,,5942.5
2021-05-14,,,,6035.0
2021-05-17,,,,6022.0
2021-05-18,,,,6027.5
2021-05-19,,,,5959.5
2021-05-20,,,,6027.0
2021-05-21,,,,6062.0
2021-05-24,,,,6094.5
2021-05-25,,,,6109.5
2021-05-26,,,,6083.0
2021-05-27,,,,6072.5
2021-05-28,,,,6114.5
2021-06-01,,,,6158.0
2021-06-02,,,,6146.0
2021-06-03,,,,6154.5
2021-06-04,,,,6153.0
2021-06-07,,,,6187.0
2021-06-08,,,,6196.0
2021-06-09,,,,6215.5
2021-06-10,,,,6194.0
2021-06-11,,,,6218.0
2021-06-14,,,,6244.5
2021-06-15,,,,6268.5
2021-06-16,,,,6276.5
2021-06-17,,,,6244.0
2021-06-18,,,,6160.0
2021-06-21,,,,6198.0
2021-06-22,,,,6205.0
2021-06-23,,,,6166.0
2021-06-24,,,,6229.0
2021-06-25,,,,6260.0
2021-06-28,,,,6211.0
2021-06-29,,,,6238.0
2021-06-30,,,,6175.5
2021-07-01,,,,6225.5
2021-07-02,,,,6236.5
2021-07-05,,,,6233.0
2021-07-06,,,,6194.0
2021-07-07,,,,6245.5
2021-07-08,,,,6170.0
2021-07-09,,,,6232.0
2021-07-12,,,,6258.0
2021-07-13,,,,6242.5
2021-07-14,,,,6244.0
2021-07-15,,,,6173.0
2021-07-16,,,,6181.5
2021-07-19,,,,6094.0
2021-07-20,,,,6142.5
2021-07-21,,,,6230.5
2021-07-22,,,,6196.0
2021-07-23,,,,6265.5
2021-07-26,,,,6249.0
2021-07-27,,,,6201.0
2021-07-28,,,,6232.0
2021-07-29,,,,6264.0
2021-07-30,,,,6257.0
2021-08-02,,,,6313.0
2021-08-03,,,,6297.5
2021-08-04,,,,6328.5
2021-08-05,,,,6342.0
2021-08-06,,,,6330.5
2021-08-09,,,,6343.0
2021-08-10,,,,6357.5
2021-08-11,,,,6377.0
2021-08-12,,,,6398.0
2021-08-13,,,,6438.0
2021-08-16,,,,6395.5
2021-08-17,,,,6418.5
2021-08-18,,,,6415.0
2021-08-19,,,,6353.0
2021-08-20,,,,6391.0
2021-08-23,,,,6418.5
2021-08-24,,,,6426.5
2021-08-25,,,,6416.0
2021-08-26,,,,6402.0
2021-08-27,,,,6426.0
2021-08-31,,,,6399.5
2021-09-01,,,,6454.0
2021-09-02,,,,6470.0
2021-09-03,,,,6428.5
2021-09-06,,,,6474.0
2021-09-07,,,,6442.5
2021-09-08,,,,6391.5
2021-09-09,,,,6337.0
2021-09-10,,,,6330.0
2021-09-13,,,,6338.0
2021-09-14,,,,6341.0
2021-09-15,,,,6306.0
2021-09-16,,,,6321.5
2021-09-17,,,,6247.5
2021-09-20,,,,6192.5
2021-09-21,,,,6253.0
2021-09-22,,,,6343.0
2021-09-23,,,,6353.0
2021-09-24,,,,6320.0
2021-09-27,,,,6281.5
2021-09-28,,,,6224.0
2021-09-29,,,,6275.5
2021-09-30,,,,6238.5
2021-10-01,,,,6172.5
2021-10-04,,,,6151.0
2021-10-05,,,,6195.0
2021-10-06,,,,6133.0
2021-10-07,,,,6217.0
2021-10-08,,,,6204.5
2021-10-11,,,,6209.0
2021-10-12,,,,6202.5
2021-10-13,,,,6245.0
2021-10-14,,,,6304.5
2021-10-15,,,,6320.5
2021-10-18,,,,6314.5
2021-10-19,,,,6312.5
2021-10-20,,,,6329.5
2021-10-21,,,,6322.5
2021-10-22,,,,6374.5
2021-10-25,,,,6366.0
2021-10-26,,,,6396.0
2021-10-27,,,,6391.0
2021-10-28,,,,6413.5
2021-10-29,,,,6415.0
2021-11-01,,,,6491.0
2021-11-02,,,,6511.5
2021-11-03,,,,6512.5
2021-11-04,,,,6598.5
2021-11-05,,,,6614.5
2021-11-08,,,,6599.0
2021-11-09,,,,6587.0
2021-11-10,,,,6598.0
2021-11-11,,,,6638.0
2021-11-12,,,,6634.5
2021-11-15,,,,6629.0
2021-11-16,,,,6599.0
2021-11-17,,,,6581.0
2021-11-18,,,,6561.5
2021-11-19,,,,6529.5
2021-11-22,,,,6512.5
2021-11-23,,,,6453.0
2021-11-24,,,,6438.0
2021-11-25,,,,6481.0
2021-11-26,,,,6293.5
2021-11-29,,,,6325.0
2021-11-30,,,,6312.5
2021-12-01,,,,6402.5
2021-12-02,,,,6326.0
2021-12-03,,,,6312.0
2021-12-06,,,,6395.0
2021-12-07,,,,6529.5
2021-12-08,,,,6554.0
2021-12-09,,,,6521.0
2021-12-10,,,,6506.0
2021-12-13,,,,6465.0
2021-12-14,,,,6402.5
2021-12-15,,,,6417.5
2021-12-16,,,,6489.5
2021-12-17,,,,6448.0
2021-12-20,,,,6391.5
2021-12-21,,,,6454.0
2021-12-22,,,,6489.0
2021-12-23,,,,6530.0
2021-12-24,,,,6528.5
2021-12-29,,,,6569.0
2021-12-30,,,,6560.5
2021-12-31,,,,6547.0
2022-01-04,,,,6598.0
2022-01-05,,,,6613.5
2022-01-06,,,,6521.5
2022-01-07,,,,6511.5
2022-01-10,,,,6433.0
2022-01-11,,,,6474.0
2022-01-12,,,,6511.5
2022-01-13,,,,6520.0
2022-01-14,,,,6461.0
2022-01-17,,,,6517.0
2022-01-18,,,,6454.0
2022-01-19,,,,6447.5
2022-01-20,,,,6452.0
2022-01-21,,,,6386.0
2022-01-24,,,,6192.0
2022-01-25,,,,6203.5
2022-01-26,,,,6295.5
2022-01-27,,,,6309.5
2022-01-28,,,,6256.5
2022-01-31,,,,6303.0
2022-02-01,,,,6379.0
2022-02-02,,,,6416.5
2022-02-03,,,,6350.0
2022-02-04,,,,6304.5
2022-02-07,,,,6365.5
2022-02-08,,,,6334.0
2022-02-09,,,,6451.0
2022-02-10,,,,6436.5
2022-02-11,,,,6364.0
2022-02-14,,,,6223.0
2022-02-15,,,,6334.5
2022-02-16,,,,6337.5
2022-02-17,,,,6263.0
2022-02-18,,,,6215.0
2022-02-21,,,,6122.5
2022-02-22,,,,6128.0
2022-02-23,,,,6126.5
2022-02-24,,,,5934.0
2022-02-25,,,,6164.0
2022-02-28,,,,6151.5
2022-03-01,,,,5978.5
2022-03-02,,,,6020.0
2022-03-03,,,,5867.5
2022-03-04,,,,5657.0
2022-03-07,,,,5611.0
2022-03-08,,,,5605.0
2022-03-09,,,,5892.5
2022-03-10,,,,5802.0
2022-03-11,,,,5858.0
2022-03-14,,,,5949.0
2022-03-15,,,,5923.5
2022-03-16,,,,6103.0
2022-03-17,,,,6166.5
2022-03-18,,,,6172.0
2022-03-21,,,,6179.0
2022-03-22,,,,6166.5
2022-03-23,,,,6124.5
2022-03-24,,,,6138.5
2022-03-25,,,,6128.5
2022-03-28,,,,6185.5
2022-03-29,,,,6334.5
2022-03-30,,,,6316.5
2022-03-31,,,,6255.5
2022-04-01,,,,6264.0
2022-04-04,,,,6296.0
2022-04-05,,,,6243.5
2022-04-06,,,,6168.5
2022-04-07,,,,6162.5
2022-04-08,,,,6249.0
2022-04-11,,,,6218.0
2022-04-12,,,,6200.5
2022-04-13,,,,6178.5
2022-04-14,,,,6186.0
2022-04-19,,,,6168.5
2022-04-20,,,,6235.5
2022-04-21,,,,6252.5
2022-04-22,,,,6202.0
2022-04-25,,,,6110.0
2022-04-26,,,,6076.0
2022-04-27,,,,6097.5
2022-04-28,,,,6157.5
2022-04-29,,,,6170.0
2022-05-03,,,,6139.5
2022-05-04,,,,6102.5
2022-05-05,,,,6108.5
2022-05-06,,,,6053.5
2022-05-09,,,,5865.0
2022-05-10,,,,5914.5
2022-05-11,,,,6001.5
2022-05-12,,,,5939.5
2022-05-13,,,,6063.5
2022-05-16,,,,6040.5
2022-05-17,,,,6089.0
2022-05-18,,,,6035.0
2022-05-19,,,,5949.5
2022-05-20,,,,5994.5
2022-05-23,,,,6087.5
2022-05-24,,,,6091.5
2022-05-25,,,,6089.5
2022-05-26,,,,6167.5
2022-05-27,,,,6213.0
2022-05-30,,,,6269.0
2022-05-31,,,,6211.5
2022-06-01,,,,6180.5
2022-06-06,,,,6265.5
2022-06-07,,,,6213.5
2022-06-08,,,,6212.0
2022-06-09,,,,6100.0
2022-06-10,,,,5964.0
2022-06-13,,,,5853.5
2022-06-14,,,,5844.5
2022-06-15,,,,5904.0
2022-06-16,,,,5695.0
2022-06-17,,,,5706.5
2022-06-20,,,,5787.0
2022-06-21,,,,5810.0
2022-06-22,,,,5781.5
2022-06-23,,,,5713.5
2022-06-24,,,,5880.0
2022-06-27,,,,5932.5
2022-06-28,,,,5945.0
2022-06-29,,,,5916.0
2022-06-30,,,,5801.5
2022-07-01,,,,5826.5
2022-07-04,,,,5845.5
2022-07-05,,,,5709.5
2022-07-06,,,,5767.0
2022-07-07,,,,5821.5
2022-07-08,,,,5846.5
2022-07-11,,,,5833.0
2022-07-12,,,,5842.0
2022-07-13,,,,5797.5
2022-07-14,,,,5719.0
2022-07-15,,,,5841.5
2022-07-18,,,,5871.5
2022-07-19,,,,5978.0
2022-07-20,,,,5958.5
2022-07-21,,,,5985.0
2022-07-22,,,,5994.0
2022-07-25,,,,5988.0
2022-07-26,,,,5945.5
2022-07-27,,,,5972.5
2022-07-28,,,,6007.0
2022-07-29,,,,6090.0
2022-08-01,,,,6071.5
2022-08-02,,,,6038.0
2022-08-03,,,,6074.5
2022-08-04,,,,6124.5
2022-08-05,,,,6078.5
2022-08-08,,,,6135.0
2022-08-09,,,,6110.0
2022-08-10,,,,6157.0
2022-08-11,,,,6169.5
2022-08-12,,,,6184.5
2022-08-15,,,,6184.5
2022-08-16,,,,6178.0
2022-08-17,,,,6136.5
2022-08-18,,,,6172.5
2022-08-19,,,,6173.0
2022-08-22,,,,6078.0
2022-08-23,,,,6030.5
2022-08-24,,,,6070.5
2022-08-25,,,,6072.0
2022-08-26,,,,6011.0
2022-08-30,,,,5989.5
2022-08-31,,,,5969.5
2022-09-01,,,,5828.0
2022-09-02,,,,5985.5
2022-09-05,,,,5922.5
2022-09-06,,,,5916.5
2022-09-07,,,,5945.5
2022-09-08,,,,5962.0
2022-09-09,,,,6057.5
2022-09-12,,,,6150.0
2022-09-13,,,,6076.5
2022-09-14,,,,5993.0
2022-09-15,,,,5997.0
2022-09-16,,,,5951.5
2022-09-20,,,,5872.5
2022-09-21,,,,5902.0
2022-09-22,,,,5798.0
2022-09-23,,,,5776.0
2022-09-26,,,,5776.0
2022-09-27,,,,5784.0
2022-09-28,,,,5824.0
2022-09-29,,,,5650.5
2022-09-30,,,,5686.5
2022-10-03,,,,5658.5
2022-10-04,,,,5853.5
2022-10-05,,,,5823.5
2022-10-06,,,,5810.5
2022-10-07,,,,5748.0
2022-10-10,,,,5718.5
2022-10-11,,,,5658.5
2022-10-12,,,,5640.0
2022-10-13,,,,5602.5
2022-10-14,,,,5674.5
2022-10-17,,,,5704.0
2022-10-18,,,,5798.0
2022-10-19,,,,5770.5
2022-10-20,,,,5773.5
2022-10-21,,,,5781.5
2022-10-24,,,,5860.0
2022-10-25,,,,5897.5
2022-10-26,,,,5926.5
2022-10-27,,,,5898.0
2022-10-28,,,,5863.0
2022-10-31,,,,5903.0
2022-11-01,,,,5944.0
2022-11-02,,,,5925.0
2022-11-03,,,,5951.0
2022-11-04,,,,6102.0
2022-11-07,,,,6071.0
2022-11-08,,,,6111.0
2022-11-09,,,,6160.5
2022-11-10,,,,6268.5
2022-11-11,,,,6306.5
2022-11-14,,,,6346.5
2022-11-15,,,,6301.0
2022-11-16,,,,6270.0
2022-11-17,,,,6249.0
2022-11-18,,,,6265.5
2022-11-21,,,,6264.0
2022-11-22,,,,6288.0
2022-11-23,,,,6279.0
2022-11-24,,,,6295.5
2022-11-25,,,,6311.0
2022-11-28,,,,6297.5
2022-11-29,,,,6291.0
2022-11-30,,,,6348.5
2022-12-01,,,,6330.0
2022-12-02,,,,6330.5
2022-12-05,,,,6343.0
2022-12-06,,,,6282.5
2022-12-07,,,,6269.5
2022-12-08,,,,6267.0
2022-12-09,,,,6268.0
2022-12-12,,,,6254.5
2022-12-13,,,,6331.0
2022-12-14,,,,6325.0
2022-12-15,,,,6239.5
2022-12-16,,,,6177.0
2022-12-19,,,,6194.5
2022-12-20,,,,6194.5
2022-12-21,,,,6320.0
2022-12-22,,,,6279.0
2022-12-23,,,,6280.0
2022-12-28,,,,6300.5
2022-12-29,,,,6346.0
2022-12-30,,,,6319.0
2023-01-03,,,,6376.0
2023-01-04,,,,6475.0
2023-01-05,,,,6490.5
2023-01-06,,,,6533.5
2023-01-09,,,,6595.5
2023-01-10,,,,6562.5
2023-01-11,,,,6619.5
2023-01-12,,,,6680.0
2023-01-13,,,,6692.0
2023-01-16,,,,6727.0
2023-01-17,,,,6696.5
2023-01-18,,,,6679.0
2023-01-19,,,,6568.0
2023-01-20,,,,6601.0
2023-01-23,,,,6664.0
2023-01-24,,,,6681.5
2023-01-25,,,,6653.5
2023-01-26,,,,6654.5
2023-01-27,,,,6655.5
2023-01-30,,,,6658.0
2023-01-31,,,,6669.5
2023-02-01,,,,6699.5
2023-02-02,,,,6813.5
2023-02-03,,,,6880.5
2023-02-06,,,,6809.0
2023-02-07,,,,6800.0
2023-02-08,,,,6805.5
2023-02-09,,,,6821.5
2023-02-10,,,,6753.5
2023-02-13,,,,6814.0
2023-02-14,,,,6818.0
2023-02-15,,,,6897.0
2023-02-16,,,,6914.0
2023-02-17,,,,6890.0
2023-02-20,,,,6893.0
2023-02-21,,,,6819.0
2023-02-22,,,,6796.0
2023-02-23,,,,6810.5
2023-02-24,,,,6767.0
2023-02-27,,,,6802.5
2023-02-28,,,,6742.5
2023-03-01,,,,6783.5
2023-03-02,,,,6821.5
2023-03-03,,,,6873.5
2023-03-06,,,,6881.5
2023-03-07,,,,6862.5
2023-03-08,,,,6870.0
2023-03-09,,,,6829.5
2023-03-10,,,,6698.5
2023-03-13,,,,6549.5
2023-03-14,,,,6630.5
2023-03-15,,,,6393.5
2023-03-16,,,,6498.5
2023-03-17,,,,6408.5
2023-03-20,,,,6450.0
2023-03-21,,,,6613.0
2023-03-22,,,,6616.0
2023-03-23,,,,6615.0
2023-03-24,,,,6498.5
2023-03-27,,,,6570.5
2023-03-28,,,,6560.5
2023-03-29,,,,6648.5
2023-03-30,,,,6740.0
2023-03-31,,,,6765.0
2023-04-03,,,,6759.0
2023-04-04,,,,6751.0
2023-04-05,,,,6730.0
2023-04-06,,,,6798.5
2023-04-11,,,,6834.0
2023-04-12,,,,6866.5
2023-04-13,,,,6914.0
2023-04-14,,,,6962.0
2023-04-17,,,,6950.5
2023-04-18,,,,6971.0
2023-04-19,,,,6953.0
2023-04-20,,,,6944.0
2023-04-21,,,,6992.5
2023-04-24,,,,7011.5
2023-04-25,,,,6991.5
2023-04-26,,,,6932.0
2023-04-27,,,,6924.5
2023-04-28,,,,6924.5
2023-05-02,,,,6879.5
2023-05-03,,,,6902.5
2023-05-04,,,,6830.0
2023-05-05,,,,6882.0
2023-05-09,,,,6852.0
2023-05-10,,,,6836.0
2023-05-11,,,,6867.0
2023-05-12,,,,6889.5
2023-05-15,,,,6889.0
2023-05-16,,,,6875.0
2023-05-17,,,,6844.0
2023-05-18,,,,6896.0
2023-05-19,,,,6944.5
2023-05-22,,,,6953.0
2023-05-23,,,,6893.0
2023-05-24,,,,6780.5
2023-05-25,,,,6770.5
2023-05-26,,,,6835.5
2023-05-30,,,,6737.5
2023-05-31,,,,6628.0
2023-06-01,,,,6661.5
2023-06-02,,,,6778.5
2023-06-05,,,,6765.0
2023-06-06,,,,6780.0
2023-06-07,,,,6746.5
2023-06-08,,,,6744.5
2023-06-09,,,,6697.0
2023-06-12,,,,6743.5
2023-06-13,,,,6765.0
2023-06-14,,,,6778.0
2023-06-15,,,,6780.5
2023-06-16,,,,6787.5
2023-06-19,,,,6722.5
2023-06-20,,,,6703.0
2023-06-21,,,,6708.5
2023-06-22,,,,6668.5
2023-06-23,,,,6615.0
2023-06-26,,,,6628.5
2023-06-27,,,,6649.0
2023-06-28,,,,6726.5
2023-06-29,,,,6727.5
2023-06-30,,,,6772.5
2023-07-03,,,,6768.5
2023-07-04,,,,6745.5
2023-07-05,,,,6682.5
2023-07-06,,,,6528.0
2023-07-07,,,,6517.5
2023-07-10,,,,6553.5
2023-07-11,,,,6565.0
2023-07-12,,,,6694.0
2023-07-13,,,,6725.0
2023-07-14,,,,6737.0
2023-07-17,,,,6711.5
2023-07-18,,,,6754.0
2023-07-19,,,,6844.0
2023-07-20,,,,6861.0
2023-07-21,,,,6868.5
2023-07-24,,,,6865.5
2023-07-25,,,,6856.0
2023-07-26,,,,6794.0
2023-07-27,,,,6883.0
2023-07-28,,,,6893.5
2023-07-31,,,,6894.5
2023-08-01,,,,6846.0
2023-08-02,,,,6763.5
2023-08-03,,,,6721.0
2023-08-04,,,,6772.5
2023-08-07,,,,6761.5
2023-08-08,,,,6741.0
2023-08-09,,,,6792.0
2023-08-10,,,,6869.0
2023-08-11,,,,6770.0
2023-08-14,,,,6762.5
2023-08-15,,,,6675.5
2023-08-16,,,,6655.0
2023-08-17,,,,6583.0
2023-08-18,,,,6553.0
2023-08-21,,,,6567.0
2023-08-22,,,,6591.0
2023-08-23,,,,6636.5
2023-08-24,,,,6633.5
2023-08-25,,,,6637.0
2023-08-29,,,,6774.0
2023-08-30,,,,6754.0
2023-08-31,,,,6720.0
2023-09-01,,,,6722.5
2023-09-04,,,,6707.5
2023-09-05,,,,6677.0
2023-09-06,,,,6681.0
2023-09-07,,,,6680.5
2023-09-08,,,,6700.5
2023-09-11,,,,6710.5
2023-09-12,,,,6715.5
2023-09-13,,,,6697.5
2023-09-14,,,,6800.0
2023-09-15,,,,6827.0
2023-09-18,,,,6756.5
2023-09-19,,,,6754.0
2023-09-20,,,,6836.0
2023-09-21,,,,6761.0
2023-09-22,,,,6764.0
2023-09-25,,,,6701.0
2023-09-26,,,,6682.0
2023-09-27,,,,6645.0
2023-09-28,,,,6670.5
2023-09-29,,,,6712.0
2023-10-02,,,,6626.0
2023-10-03,,,,6569.0
2023-10-04,,,,6549.5
2023-10-05,,,,6566.5
2023-10-06,,,,6613.0
2023-10-09,,,,6587.5
2023-10-10,,,,6728.0
2023-10-11,,,,6718.5
2023-10-12,,,,6735.0
2023-10-13,,,,6683.0
2023-10-16,,,,6697.5
2023-10-17,,,,6713.5
2023-10-18,,,,6636.5
2023-10-19,,,,6636.5
2023-10-20,,,,6508.0
2023-10-23,,,,6488.0
2023-10-24,,,,6517.5
2023-10-25,,,,6537.0
2023-10-26,,,,6485.5
2023-10-27,,,,6450.0
2023-10-30,,,,6480.0
2023-10-31,,,,6495.0
2023-11-01,,,,6527.0
2023-11-02,,,,6650.5
2023-11-03,,,,6623.5
2023-11-06,,,,6617.0
2023-11-07,,,,6616.0
2023-11-08,,,,6652.0
2023-11-09,,,,6717.0
2023-11-10,,,,6665.5
2023-11-13,,,,6700.5
2023-11-14,,,,6764.5
2023-11-15,,,,6809.0
2023-11-16,,,,6783.5
2023-11-17,,,,6861.0
2023-11-20,,,,6867.5
2023-11-21,,,,6834.0
2023-11-22,,,,6856.0
2023-11-23,,,,6862.5
2023-11-24,,,,6864.0
2023-11-27,,,,6837.5
2023-11-28,,,,6805.5
2023-11-29,,,,6823.5
2023-11-30,,,,6840.5
2023-12-01,,,,6868.0
2023-12-04,,,,6863.0
2023-12-05,,,,6885.5
2023-12-06,,,,6914.0
2023-12-07,,,,6907.5
2023-12-08,,,,6959.5
2023-12-11,,,,6970.0
2023-12-12,,,,6979.5
2023-12-13,,,,6993.0
2023-12-14,,,,7046.5
2023-12-15,,,,7030.0
2023-12-18,,,,7043.0
2023-12-19,,,,7056.0
2023-12-20,,,,7103.0
2023-12-21,,,,7111.0
2023-12-22,,,,7099.0
2023-12-27,,,,7140.0
2023-12-28,,,,7143.0
2023-12-29,,,,7157.0
2024-01-02,,,,7131.0
2024-01-03,,,,7039.5
2024-01-04,,,,7092.0
2024-01-05,,,,7052.0
2024-01-08,,,,7069.0
2024-01-09,,,,7051.0
2024-01-10,,,,7043.0
2024-01-11,,,,6992.5
2024-01-12,,,,7034.0
2024-01-15,,,,7003.0
2024-01-16,,,,6980.0
2024-01-17,,,,6887.5
2024-01-18,,,,6928.0
2024-01-19,,,,6928.0
2024-01-22,,,,6963.5
2024-01-23,,,,6938.5
2024-01-24,,,,7014.0
2024-01-25,,,,7017.0
2024-01-26,,,,7109.0
2024-01-29,,,,7107.0
2024-01-30,,,,7156.0
2024-01-31,,,,7127.0
2024-02-01,,,,7100.5
2024-02-02,,,,7108.0
2024-02-05,,,,7123.5
2024-02-06,,,,7148.0
2024-02-07,,,,7118.0
2024-02-08,,,,7117.5
2024-02-09,,,,7115.0
2024-02-12,,,,7148.0
2024-02-13,,,,7060.0
2024-02-14,,,,7127.0
2024-02-15,,,,7184.5
2024-02-16,,,,7231.5
2024-02-19,,,,7248.0
2024-02-20,,,,7239.5
2024-02-21,,,,7238.0
2024-02-22,,,,7299.0
2024-02-23,,,,7314.0
2024-02-26,,,,7297.0
2024-02-27,,,,7308.0
2024-02-28,,,,7289.0
2024-02-29,,,,7291.0
2024-03-01,,,,7339.5
2024-03-04,,,,7324.0
2024-03-05,,,,7301.0
2024-03-06,,,,7339.0
2024-03-07,,,,7422.0
2024-03-08,,,,7383.0
2024-03-11,,,,7370.5
2024-03-12,,,,7461.0
2024-03-13,,,,7482.0
2024-03-14,,,,7459.0
2024-03-15,,,,7445.0
2024-03-18,,,,7430.0
2024-03-19,,,,7434.5
2024-03-20,,,,7437.0
2024-03-21,,,,7539.0
2024-03-22,,,,7547.5
2024-03-25,,,,7548.0
2024-03-26,,,,7565.0
2024-03-27,,,,7566.5
2024-03-28,,,,7574.5
2024-04-02,,,,7515.0
2024-04-03,,,,7545.5
2024-04-04,,,,7568.5
2024-04-05,,,,7497.5
2024-04-08,,,,7538.0
2024-04-09,,,,7479.0
2024-04-10,,,,7487.5
2024-04-11,,,,7456.5
2024-04-12,,,,7470.5
2024-04-15,,,,7474.0
2024-04-16,,,,7368.5
2024-04-17,,,,7389.5
2024-04-18,,,,7411.5
2024-04-19,,,,7433.0
2024-04-22,,,,7523.0
2024-04-23,,,,7587.5
2024-04-24,,,,7548.0
2024-04-25,,,,7488.0
2024-04-26,,,,7578.0
2024-04-29,,,,7555.5
2024-04-30,,,,7511.0
2024-05-01,,,,7472.0
2024-05-02,,,,7504.0
2024-05-03,,,,7559.5
2024-05-07,,,,7698.0
2024-05-08,,,,7733.0
2024-05-09,,,,7779.0
2024-05-10,,,,7831.5
2024-05-13,,,,7820.0
2024-05-14,,,,7836.0
2024-05-15,,,,7869.0
2024-05-16,,,,7848.5
2024-05-17,,,,7824.5
2024-05-20,,,,7849.5
2024-05-21,,,,7810.5
2024-05-22,,,,7766.5
2024-05-23,,,,7778.0
2024-05-24,,,,7767.0
2024-05-28,,,,7741.0
2024-05-29,,,,7658.0
2024-05-30,,,,7711.0
2024-05-31,,,,7743.5
2024-06-03,,,,7760.5
2024-06-04,,,,7724.0
2024-06-05,,,,7802.0
2024-06-06,,,,7852.0
2024-06-07,,,,7822.5
2024-06-10,,,,7744.5
2024-06-11,,,,7672.5
2024-06-12,,,,7766.0
2024-06-13,,,,7653.0
2024-06-14,,,,7581.0
2024-06-17,,,,7598.0
2024-06-18,,,,7655.5
2024-06-19,,,,7629.0
2024-06-20,,,,7710.5
2024-06-21,,,,7661.0
2024-06-24,,,,7711.0
2024-06-25,,,,7682.0
2024-06-26,,,,7661.5
2024-06-27,,,,7628.5
2024-06-28,,,,7623.5
2024-06-29,,,,7623.5
2024-07-01,,,,7664.5
2024-07-02,,,,7607.0
2024-07-03,,,,7652.0
2024-07-04,,,,7697.0
2024-07-05,,,,7670.0
2024-07-08,,,,7663.5
2024-07-09,,,,7591.5
2024-07-10,,,,7645.5
2024-07-11,,,,7675.0
2024-07-12,,,,7732.0
2024-07-15,,,,7652.5
2024-07-16,,,,7632.5
2024-07-17,,,,7596.5
2024-07-18,,,,7579.5
2024-07-19,,,,7539.0
2024-07-22,,,,7611.0
2024-07-23,,,,7601.0
2024-07-24,,,,7546.0
2024-07-25,,,,7522.5
2024-07-26,,,,7601.5
2024-07-29,,,,7561.0
2024-07-30,,,,7599.5
2024-07-31,,,,7669.0
2024-08-01,,,,7565.5
2024-08-02,,,,7452.0
2024-08-05,,,,7346.0
2024-08-06,,,,7378.0
2024-08-07,,,,7489.0
2024-08-08,,,,7478.5
2024-08-09,,,,7502.5
2024-08-12,,,,7499.0
2024-08-13,,,,7528.0
2024-08-14,,,,7597.0
2024-08-15,,,,7670.0
2024-08-16,,,,7666.0
2024-08-19,,,,7719.5
2024-08-20,,,,7685.0
2024-08-21,,,,7704.0
2024-08-22,,,,7708.0
2024-08-23,,,,7718.5
2024-08-27,,,,7705.0
2024-08-28,,,,7724.0
2024-08-29,,,,7771.0
2024-08-30,,,,7784.0
2024-09-02,,,,7775.0
2024-09-03,,,,7707.5
2024-09-04,,,,7624.5
2024-09-05,,,,7584.5
2024-09-06,,,,7514.5
2024-09-09,,,,7577.0
2024-09-10,,,,7542.0
2024-09-11,,,,7555.0
2024-09-12,,,,7598.5
2024-09-13,,,,7646.0
2024-09-16,,,,7625.0
2024-09-17,,,,7672.0
2024-09-18,,,,7614.0
2024-09-19,,,,7695.5
2024-09-20,,,,7576.5
2024-09-23,,,,7561.5
2024-09-24,,,,7616.0
2024-09-25,,,,7628.0
2024-09-26,,,,7696.5
2024-09-27,,,,7740.5
2024-09-30,,,,7653.5
2024-10-01,,,,7637.0
2024-10-02,,,,7635.5
2024-10-03,,,,7635.5
2024-10-04,,,,7642.5
2024-10-07,,,,7675.5
2024-10-08,,,,7623.0
2024-10-09,,,,7663.0
2024-10-10,,,,7654.0
2024-10-11,,,,7692.0
2024-10-14,,,,7725.5
2024-10-15,,,,7631.0
2024-10-16,,,,7646.5
2024-10-17,,,,7681.0
2024-10-18,,,,7691.5
2024-10-21,,,,7654.0
2024-10-22,,,,7632.0
2024-10-23,,,,7609.5
2024-10-24,,,,7615.0
2024-10-25,,,,7615.0
2024-10-28,,,,7645.0
2024-10-29,,,,7577.0
2024-10-30,,,,7520.0
2024-10-31,,,,7510.0
2024-11-01,,,,7539.0
2024-11-04,,,,7538.0
2024-11-05,,,,7529.0
2024-11-06,,,,7435.0
2024-11-07,,,,7462.0
2024-11-08,,,,7396.0
2024-11-11,,,,7451.5
2024-11-12,,,,7349.0
2024-11-13,,,,7343.0
2024-11-14,,,,7427.0
2024-11-15,,,,7393.0
2024-11-18,,,,7407.0
2024-11-19,,,,7366.0
2024-11-20,,,,7336.0
2024-11-21,,,,7375.0
2024-11-22,,,,7445.0
2024-11-25,,,,7484.0
2024-11-26,,,,7445.0
2024-11-27,,,,7420.0
2024-11-28,,,,7438.0
2024-11-29,,,,7477.5
2024-12-02,,,,7515.0
2024-12-03,,,,7545.0
2024-12-04,,,,7563.0
2024-12-05,,,,7596.0
2024-12-06,,,,7614.0
2024-12-09,,,,7610.0
2024-12-10,,,,7540.5
2024-12-11,,,,7552.0
2024-12-12,,,,7561.0
2024-12-13,,,,7560.5
2024-12-16,,,,7524.0
2024-12-17,,,,7485.0
2024-12-18,,,,7480.0
2024-12-19,,,,7393.0
2024-12-20,,,,7331.0
2024-12-23,,,,7350.0
2024-12-24,,,,7370.5
2024-12-27,,,,7395.0
2024-12-30,,,,7375.0
2024-12-31,,,,7415.0
2025-01-02,,,,7471.0
2025-01-03,,,,7433.0
2025-01-06,,,,7520.0
2025-01-07,,,,7538.5
2025-01-08,,,,7566.0
2025-01-09,,,,7631.5
2025-01-10,,,,7582.5
2025-01-13,,,,7548.5
2025-01-14,,,,7577.5
2025-01-15,,,,7659.5
2025-01-16,,,,7737.5
2025-01-17,,,,7812.0
2025-01-20,,,,7838.0
2025-01-21,,,,7859.5
2025-01-22,,,,7891.0
2025-01-23,,,,7910.0
2025-01-24,,,,7886.5
2025-01-27,,,,7877.0
2025-01-28,,,,7879.0
2025-01-29,,,,7911.5
2025-01-30,,,,7973.0
2025-01-31,,,,7975.5
2025-02-03,,,,7846.0
2025-02-04,,,,7893.0
2025-02-05,,,,7932.0
2025-02-06,,,,8047.0
2025-02-07,,,,7998.0
2025-02-10,,,,8051.0
2025-02-11,,,,8071.0
2025-02-12,,,,8096.0
2025-02-13,,,,8167.0
2025-02-14,,,,8143.5
2025-02-17,,,,8179.0
2025-02-18,,,,8190.5
2025-02-19,,,,8097.0
2025-02-20,,,,8093.5
2025-02-21,,,,8119.0
2025-02-24,,,,8130.5
2025-02-25,,,,8152.0
2025-02-26,,,,8215.0
2025-02-27,,,,8142.5
2025-02-28,,,,8158.5
2025-03-03,,,,8258.0
2025-03-04,,,,8096.0
2025-03-05,,,,8261.5
2025-03-06,,,,8289.5
2025-03-07,,,,8237.0
2025-03-10,,,,8128.5
2025-03-11,,,,8021.0
2025-03-12,,,,8069.0
2025-03-13,,,,8041.0
2025-03-14,,,,8163.0
2025-03-17,,,,8219.0
2025-03-18,,,,8266.5
2025-03-19,,,,8260.0
2025-03-20,,,,8204.0
2025-03-21,,,,8172.0
2025-03-24,,,,8141.0
2025-03-25,,,,8183.5
2025-03-26,,,,8136.0
2025-03-27,,,,8077.0
2025-03-28,,,,8055.0
2025-03-31,,,,7939.5
2025-04-01,,,,8022.0
2025-04-02,,,,7982.5
2025-04-03,,,,7831.0
2025-04-04,,,,7514.0
2025-04-07,,,,7199.0
2025-04-08,,,,7401.5
2025-04-09,,,,7235.0
2025-04-10,,,,7504.5
2025-04-11,,,,7531.0
2025-04-14,,,,7667.0
2025-04-15,,,,7728.5
2025-04-16,,,,7757.5
2025-04-17,,,,7726.0
2025-04-22,,,,7768.5
2025-04-23,,,,7887.0
2025-04-24,,,,7908.0
2025-04-25,,,,7935.0
2025-04-28,,,,7934.0
2025-04-29,,,,7962.0
2025-04-30,,,,8007.0
2025-05-01,,,,8051.0
2025-05-02,,,,8176.5
2025-05-06,,,,8141.0
2025-05-07,,,,8122.0
2025-05-08,,,,8133.5
2025-05-09,,,,8155.0
2025-05-12,,,,8214.0
2025-05-13,,,,8211.0
2025-05-14,,,,8202.5
2025-05-15,,,,8254.0
2025-05-16,,,,8283.0
2025-05-19,,,,8322.0
2025-05-20,,,,8387.0
2025-05-21,,,,8403.0
2025-05-22,,,,8322.0
2025-05-23,,,,8240.0
2025-05-27,,,,8340.0
2025-05-28,,,,8286.5
2025-05-29,,,,8305.0
2025-05-30,,,,8322.0
2025-06-02,,,,8324.0
2025-06-03,,,,8317.5
2025-06-04,,,,8368.0
2025-06-05,,,,8379.0
2025-06-06,,,,8400.0
2025-06-09,,,,8398.5
2025-06-10,,,,8417.0
2025-06-11,,,,8433.0
2025-06-12,,,,8440.0
2025-06-13,,,,8350.0
2025-06-16,,,,8390.0
2025-06-17,,,,8332.0
2025-06-18,,,,8319.5
2025-06-19,,,,8234.0
2025-06-20,,,,8262.5
2025-06-23,,,,8245.0
2025-06-24,,,,8313.0
2025-06-25,,,,8251.0
2025-06-26,,,,8244.0
2025-06-27,,,,8361.5
2025-06-30,,,,8353.0
2025-07-01,,,,8359.5
2025-07-02,,,,8443.0
2025-07-03,,,,8437.0
2025-07-04,,,,8421.0
2025-07-07,,,,8421.0
2025-07-08,,,,8488.0
2025-07-09,,,,8539.5
2025-07-10,,,,8583.0
2025-07-11,,,,8535.5
2025-07-14,,,,8558.0
2025-07-15,,,,8507.0
2025-07-16,,,,8489.5
2025-07-17,,,,8525.5
2025-07-18,,,,8535.0
2025-07-21,,,,8537.0
2025-07-22,,,,8511.5
2025-07-23,,,,8567.0
2025-07-24,,,,8629.0
2025-07-25,,,,8646.0
2025-07-28,,,,8566.5
2025-07-29,,,,8563.5
2025-07-30,,,,8556.0
2025-07-31,,,,8497.0
2025-08-01,,,,8361.0
2025-08-04,,,,8469.0
2025-08-05,,,,8479.0
2025-08-06,,,,8489.0
2025-08-07,,,,8523.5
2025-08-08,,,,8543.5
2025-08-11,,,,8518.0
2025-08-12,,,,8531.5
2025-08-13,,,,8569.5
2025-08-14,,,,8594.0
2025-08-15,,,,8629.5
2025-08-18,,,,8628.0
2025-08-19,,,,8702.0
2025-08-20,,,,8735.0
2025-08-21,,,,8725.5
2025-08-22,,,,8773.0
2025-08-26,,,,8650.0
2025-08-27,,,,8631.5
2025-08-28,,,,8637.0
2025-08-29,,,,8608.5
2025-09-01,,,,8607.0
2025-09-02,,,,8548.0
2025-09-03,,,,8584.5
2025-09-04,,,,8620.5
2025-09-05,,,,8609.5
2025-09-08,,,,8661.5
2025-09-09,,,,8651.0
2025-09-10,,,,8637.0
2025-09-11,,,,8674.0
2025-09-12,,,,8668.5
2025-09-15,,,,8707.0
2025-09-16,,,,8633.0
2025-09-17,,,,8627.5
2025-09-18,,,,8723.5
2025-09-19,,,,8738.0
2025-09-22,,,,8728.0
2025-09-23,,,,8755.0
2025-09-24,,,,8741.0
2025-09-25,,,,8695.5
2025-09-26,,,,8741.0
2025-09-29,,,,8773.0
2025-09-30,,,,8802.5
2025-10-01,,,,8893.5
2025-10-02,,,,8961.5
2025-10-03,,,,8988.5
2025-10-06,,,,8967.5
2025-10-07,,,,8941.0
2025-10-08,,,,8996.0
2025-10-09,,,,8986.5
2025-10-10,,,,8880.0
2025-10-13,,,,8894.0
2025-10-14,,,,8910.5
2025-10-15,,,,8942.5
2025-10-16,,,,8994.0
2025-10-17,,,,8929.0
2025-10-20,,,,9008.0
2025-10-21,,,,9004.5
2025-10-22,,,,8999.0
2025-10-23,,,,9061.5
2025-10-24,,,,9105.0
2025-10-27,,,,9111.0
2025-10-28,,,,9141.0
2025-10-29,,,,9173.0
2025-10-30,,,,9152.0
2025-10-31,,,,9094.5
2025-11-03,,,,9084.0
2025-11-04,,,,9097.0
2025-11-05,,,,9126.5
2025-11-06,,,,9060.0
2025-11-07,,,,8999.5
2025-11-10,,,,9115.0
2025-11-11,,,,9264.0
2025-11-12,,,,9351.5
2025-11-13,,,,9287.5
2025-11-14,,,,9202.0
2025-11-17,,,,9125.5
2025-11-18,,,,8974.0
2025-11-19,,,,8992.0
2025-11-20,,,,8998.0
2025-11-21,,,,8951.0
2025-11-24,,,,8985.5
2025-11-25,,,,9028.5
2025-11-26,,,,9114.0
2025-11-27,,,,9111.5
2025-11-28,,,,9143.5
2025-12-01,,,,9155.0
2025-12-02,,,,9178.0
2025-12-03,,,,9132.0
2025-12-04,,,,9157.0
2025-12-05,,,,9162.5
2025-12-08,,,,9150.0
2025-12-09,,,,9151.0
2025-12-10,,,,9151.0
2025-12-11,,,,9215.0
2025-12-12,,,,9203.0
2025-12-15,,,,9263.0
2025-12-16,,,,9202.0
2025-12-17,,,,9220.5
2025-12-18,,,,9284.0
2025-12-19,,,,9325.0
2025-12-22,,,,9300.5
2025-12-23,,,,9298.5
2025-12-24,,,,9302.5
2025-12-29,,,,9284.0
2025-12-30,,,,9355.0
2025-12-31,,,,9329.0
2026-01-02,,,,9380.0
2026-01-05,,,,9437.0
2026-01-06,,,,9486.5
2026-01-07,,,,9487.0
2026-01-08,,,,9470.0
2026-01-09,,,,9565.0
2026-01-12,,,,9583.0
2026-01-13,,,,9570.0
2026-01-14,,,,9593.5
2026-01-15,,,,9638.0
2026-01-16,,,,9629.5
2026-01-19,,,,9526.0
2026-01-20,,,,9506.5
2026-01-21,,,,9503.0
2026-01-22,,,,9588.5
2026-01-23,,,,9535.0
2026-01-26,,,,9567.0
2026-01-27,,,,9645.0
2026-01-28,,,,9532.5
2026-01-29,,,,9509.0
2026-01-30,,,,9579.0
2026-02-02,,,,9663.0
2026-02-03,,,,9636.0
2026-02-04,,,,9668.0
2026-02-05,,,,9630.5
2026-02-06,,,,9694.0
2026-02-09,,,,9778.0
2026-02-10,,,,9782.0
2026-02-11,,,,9796.0
2026-02-12,,,,9743.0
2026-02-13,,,,9742.0
2026-02-16,,,,9749.0
2026-02-17,,,,9851.0
2026-02-18,,,,9943.0
2026-02-19,,,,9924.0
2026-02-20,,,,9979.0
2026-02-23,,,,9945.0
2026-02-24,,,,9935.0
2026-02-25,,,,10013.0
2026-02-26,,,,10028.0
2026-02-27,,,,10076.0
2026-03-02,,,,9877.0
2026-03-03,,,,9535.0
2026-03-04,,,,9678.0
2026-03-05,,,,9540.0
2026-03-06,,,,9404.0
2026-03-09,,,,9359.0
2026-03-10,,,,9528.0
2026-03-11,,,,9428.5
2026-03-12,,,,9410.0
2026-03-13,,,,9370.0
2026-03-16,,,,9404.0
2026-03-17,,,,9465.0
2026-03-18,,,,9399.0
2026-03-19,,,,9142.0
2026-03-20,,,,9036.5
2026-04-14,9787.0,9818.0,9776.0,9818.0
2026-04-15,9818.0,9822.0,9775.0,9775.0
2026-04-16,9813.0,9831.0,9782.0,9785.5
2026-04-17,9782.0,9948.0,9779.0,9938.0
2026-04-20,9855.0,9878.0,9852.0,9875.0
2026-04-21,9891.0,9915.0,9782.0,9782.0
2026-04-22,9817.0,9817.0,9723.0,9723.0
2026-04-23,9708.0,9740.0,9664.0,9737.5
2026-04-24,9701.0,9746.623046875,9647.0,9681.5
2026-04-27,9682.0,9713.0,9629.0,9629.0
2026-04-28,9605.0,9655.0,9585.0,9606.0
2026-04-29,9599.0,9625.0,9533.0,9547.0
2026-04-30,9488.0,9650.1884765625,9474.0,9654.0
2026-05-01,9665.0,9704.0,9650.5693359375,9698.0
2026-05-05,9561.0,9631.0,9554.611328125,9632.0
2026-05-06,9768.0,9903.60546875,9740.0,9851.0
2026-05-07,9874.0,9886.0,9755.0,9755.0
2026-05-08,9705.0,9732.0,9685.0,9695.0
2026-05-11,9726.0,9728.0,9694.0,9711.0
2026-05-12,9666.0,9704.0,9644.5361328125,9658.0
2026-05-13,9715.0,9734.0,9684.0,9734.0
2026-05-14,9793.0,9831.0,9765.0,9831.0
